_id,timestamp,aqi,pm2_5,pm10,no2,o3,co,so2,nh3,aqi_standard,city,lat,lon,hour,day,day_of_week,day_name,month,is_weekend
697382db0432e13762fcf6a3,2025-12-24 10:00:00,3,47.7,82.15,4.91,122.03,494.58,13.94,3.16,125,Faisalabad,31.4504,73.135,10,24,2,Wednesday,12,0
697382dd0432e13762fcf6a4,2025-12-24 11:00:00,4,62.11,101.72,9.18,111.35,641.7,14.01,5.38,175,Faisalabad,31.4504,73.135,11,24,2,Wednesday,12,0
697382de0432e13762fcf6a5,2025-12-24 12:00:00,5,75.16,120.1,15.23,104.22,785.69,14.59,7.66,250,Faisalabad,31.4504,73.135,12,24,2,Wednesday,12,0
697382de0432e13762fcf6a6,2025-12-24 13:00:00,5,87.77,138.35,20.45,97.01,927.41,15.53,10.02,250,Faisalabad,31.4504,73.135,13,24,2,Wednesday,12,0
697382de0432e13762fcf6a7,2025-12-24 14:00:00,5,102.0,159.5,23.43,90.89,1059.71,16.12,12.23,250,Faisalabad,31.4504,73.135,14,24,2,Wednesday,12,0
697382df0432e13762fcf6a8,2025-12-24 15:00:00,5,116.24,181.0,24.42,84.57,1169.55,15.91,13.95,250,Faisalabad,31.4504,73.135,15,24,2,Wednesday,12,0
697382df0432e13762fcf6a9,2025-12-24 16:00:00,5,125.94,195.74,23.74,75.86,1230.2,14.03,14.08,250,Faisalabad,31.4504,73.135,16,24,2,Wednesday,12,0
697382df0432e13762fcf6aa,2025-12-24 17:00:00,5,135.18,209.91,23.25,67.87,1291.5,11.33,13.17,250,Faisalabad,31.4504,73.135,17,24,2,Wednesday,12,0
697382e00432e13762fcf6ab,2025-12-24 18:00:00,5,142.3,220.6,22.52,60.58,1327.06,8.29,11.37,250,Faisalabad,31.4504,73.135,18,24,2,Wednesday,12,0
697382e00432e13762fcf6ac,2025-12-24 19:00:00,5,143.37,223.33,20.52,54.19,1299.82,5.4,8.62,250,Faisalabad,31.4504,73.135,19,24,2,Wednesday,12,0
697382e00432e13762fcf6ad,2025-12-24 20:00:00,5,143.38,227.74,18.14,49.62,1260.31,3.55,6.63,250,Faisalabad,31.4504,73.135,20,24,2,Wednesday,12,0
697382e10432e13762fcf6ae,2025-12-24 21:00:00,5,143.58,235.35,16.1,45.82,1223.54,2.45,5.35,250,Faisalabad,31.4504,73.135,21,24,2,Wednesday,12,0
697382e10432e13762fcf6af,2025-12-24 22:00:00,5,143.18,243.37,14.4,42.39,1190.83,1.79,4.29,250,Faisalabad,31.4504,73.135,22,24,2,Wednesday,12,0
697382e10432e13762fcf6b0,2025-12-24 23:00:00,5,143.87,254.11,13.28,39.8,1168.06,1.45,3.64,250,Faisalabad,31.4504,73.135,23,24,2,Wednesday,12,0
697382e20432e13762fcf6b1,2025-12-25 00:00:00,5,144.68,265.36,12.53,37.78,1148.14,1.28,3.32,250,Faisalabad,31.4504,73.135,0,25,3,Thursday,12,0
697382e20432e13762fcf6b2,2025-12-25 01:00:00,5,145.2,274.71,12.35,35.12,1139.95,1.2,3.13,250,Faisalabad,31.4504,73.135,1,25,3,Thursday,12,0
697382e20432e13762fcf6b3,2025-12-25 02:00:00,5,149.86,286.8,14.05,29.49,1195.08,1.39,3.33,250,Faisalabad,31.4504,73.135,2,25,3,Thursday,12,0
697382e20432e13762fcf6b4,2025-12-25 03:00:00,5,156.87,298.72,17.11,22.43,1304.96,1.62,3.49,250,Faisalabad,31.4504,73.135,3,25,3,Thursday,12,0
697382e30432e13762fcf6b5,2025-12-25 04:00:00,5,158.19,302.53,15.57,22.56,1377.32,1.71,3.98,250,Faisalabad,31.4504,73.135,4,25,3,Thursday,12,0
697382e30432e13762fcf6b6,2025-12-25 05:00:00,5,156.57,309.59,13.52,32.15,1399.48,1.92,5.45,250,Faisalabad,31.4504,73.135,5,25,3,Thursday,12,0
697382e30432e13762fcf6b7,2025-12-25 06:00:00,5,158.28,324.77,12.88,53.85,1376.3,2.2,5.7,250,Faisalabad,31.4504,73.135,6,25,3,Thursday,12,0
697382e40432e13762fcf6b8,2025-12-25 07:00:00,5,111.24,280.36,3.87,128.01,669.48,7.39,1.58,250,Faisalabad,31.4504,73.135,7,25,3,Thursday,12,0
697382e40432e13762fcf6b9,2025-12-25 08:00:00,5,95.46,238.21,2.16,136.43,524.42,7.5,1.15,250,Faisalabad,31.4504,73.135,8,25,3,Thursday,12,0
697382e40432e13762fcf6ba,2025-12-25 09:00:00,5,91.03,225.83,1.85,137.35,482.48,7.0,1.06,250,Faisalabad,31.4504,73.135,9,25,3,Thursday,12,0
697382e50432e13762fcf6bb,2025-12-25 10:00:00,5,96.09,231.05,3.87,124.42,534.72,6.29,2.35,250,Faisalabad,31.4504,73.135,10,25,3,Thursday,12,0
697382e50432e13762fcf6bc,2025-12-25 11:00:00,5,104.96,242.28,8.03,109.28,642.96,5.76,4.72,250,Faisalabad,31.4504,73.135,11,25,3,Thursday,12,0
697382e50432e13762fcf6bd,2025-12-25 12:00:00,5,112.32,252.84,13.71,98.81,757.16,5.82,7.24,250,Faisalabad,31.4504,73.135,12,25,3,Thursday,12,0
697382e50432e13762fcf6be,2025-12-25 13:00:00,5,119.58,262.43,19.2,90.59,880.3,6.59,10.2,250,Faisalabad,31.4504,73.135,13,25,3,Thursday,12,0
697382e60432e13762fcf6bf,2025-12-25 14:00:00,5,129.46,276.96,23.07,84.98,1003.79,7.69,13.32,250,Faisalabad,31.4504,73.135,14,25,3,Thursday,12,0
697382e60432e13762fcf6c0,2025-12-25 15:00:00,5,139.16,292.52,25.03,79.32,1113.37,8.51,15.87,250,Faisalabad,31.4504,73.135,15,25,3,Thursday,12,0
697382e60432e13762fcf6c1,2025-12-25 16:00:00,5,143.15,297.57,24.85,71.34,1164.75,8.02,15.83,250,Faisalabad,31.4504,73.135,16,25,3,Thursday,12,0
697382e70432e13762fcf6c2,2025-12-25 17:00:00,5,145.91,300.96,24.59,62.92,1213.41,7.01,15.04,250,Faisalabad,31.4504,73.135,17,25,3,Thursday,12,0
697382e70432e13762fcf6c3,2025-12-25 18:00:00,5,146.55,298.5,24.22,53.6,1242.03,5.46,13.28,250,Faisalabad,31.4504,73.135,18,25,3,Thursday,12,0
697382e70432e13762fcf6c4,2025-12-25 19:00:00,5,141.89,285.38,22.82,45.14,1214.22,3.52,10.49,250,Faisalabad,31.4504,73.135,19,25,3,Thursday,12,0
697382e70432e13762fcf6c5,2025-12-25 20:00:00,5,136.83,272.98,21.19,39.4,1176.08,2.38,8.36,250,Faisalabad,31.4504,73.135,20,25,3,Thursday,12,0
697382e80432e13762fcf6c6,2025-12-25 21:00:00,5,131.88,261.36,19.61,35.15,1139.24,1.72,6.82,250,Faisalabad,31.4504,73.135,21,25,3,Thursday,12,0
697382e80432e13762fcf6c7,2025-12-25 22:00:00,5,126.67,249.6,18.18,31.69,1099.96,1.31,5.78,250,Faisalabad,31.4504,73.135,22,25,3,Thursday,12,0
697382e80432e13762fcf6c8,2025-12-25 23:00:00,5,122.37,240.57,17.1,28.88,1069.99,1.07,5.19,250,Faisalabad,31.4504,73.135,23,25,3,Thursday,12,0
697382e80432e13762fcf6c9,2025-12-26 00:00:00,5,118.25,232.14,16.29,26.55,1041.45,0.92,4.71,250,Faisalabad,31.4504,73.135,0,26,4,Friday,12,0
697382e90432e13762fcf6ca,2025-12-26 01:00:00,5,115.77,226.34,15.96,24.16,1024.15,0.89,4.33,250,Faisalabad,31.4504,73.135,1,26,4,Friday,12,0
697382e90432e13762fcf6cb,2025-12-26 02:00:00,5,117.13,227.74,17.13,21.45,1064.94,1.15,4.44,250,Faisalabad,31.4504,73.135,2,26,4,Friday,12,0
697382e90432e13762fcf6cc,2025-12-26 03:00:00,5,120.28,232.96,19.4,20.28,1129.43,1.43,4.37,250,Faisalabad,31.4504,73.135,3,26,4,Friday,12,0
697382ea0432e13762fcf6cd,2025-12-26 04:00:00,5,118.08,235.05,16.03,30.23,1114.05,1.74,4.09,250,Faisalabad,31.4504,73.135,4,26,4,Friday,12,0
697382ea0432e13762fcf6ce,2025-12-26 05:00:00,5,116.43,237.71,13.18,40.31,1089.34,2.15,4.69,250,Faisalabad,31.4504,73.135,5,26,4,Friday,12,0
697382ea0432e13762fcf6cf,2025-12-26 06:00:00,5,117.87,246.21,12.03,55.62,1060.58,2.55,4.84,250,Faisalabad,31.4504,73.135,6,26,4,Friday,12,0
697382ea0432e13762fcf6d0,2025-12-26 07:00:00,5,101.63,258.72,5.83,106.74,588.42,5.46,0.2,250,Faisalabad,31.4504,73.135,7,26,4,Friday,12,0
697382eb0432e13762fcf6d1,2025-12-26 08:00:00,5,97.12,258.52,3.78,123.03,466.5,5.4,0.0,250,Faisalabad,31.4504,73.135,8,26,4,Friday,12,0
697382eb0432e13762fcf6d2,2025-12-26 09:00:00,5,96.84,255.83,3.34,130.08,444.32,5.05,0.0,250,Faisalabad,31.4504,73.135,9,26,4,Friday,12,0
697382eb0432e13762fcf6d3,2025-12-26 10:00:00,5,102.96,259.29,5.54,129.13,508.64,5.17,0.98,250,Faisalabad,31.4504,73.135,10,26,4,Friday,12,0
697382ec0432e13762fcf6d4,2025-12-26 11:00:00,5,110.49,262.0,10.27,124.6,624.61,5.68,4.13,250,Faisalabad,31.4504,73.135,11,26,4,Friday,12,0
697382ec0432e13762fcf6d5,2025-12-26 12:00:00,5,117.81,263.97,16.58,116.57,750.8,6.31,7.02,250,Faisalabad,31.4504,73.135,12,26,4,Friday,12,0
697382ec0432e13762fcf6d6,2025-12-26 13:00:00,5,124.81,265.55,21.76,105.15,891.89,7.08,10.19,250,Faisalabad,31.4504,73.135,13,26,4,Friday,12,0
697382ed0432e13762fcf6d7,2025-12-26 14:00:00,5,134.49,272.96,25.71,95.54,1043.85,8.0,13.72,250,Faisalabad,31.4504,73.135,14,26,4,Friday,12,0
697382ed0432e13762fcf6d8,2025-12-26 15:00:00,5,145.33,283.45,28.14,87.35,1192.35,8.93,17.35,250,Faisalabad,31.4504,73.135,15,26,4,Friday,12,0
697382ed0432e13762fcf6d9,2025-12-26 16:00:00,5,152.46,287.25,28.22,75.98,1291.32,8.89,18.7,250,Faisalabad,31.4504,73.135,16,26,4,Friday,12,0
697382ed0432e13762fcf6da,2025-12-26 17:00:00,5,161.16,294.63,28.35,66.0,1381.11,8.41,18.71,250,Faisalabad,31.4504,73.135,17,26,4,Friday,12,0
697382ee0432e13762fcf6db,2025-12-26 18:00:00,5,168.8,300.34,28.38,57.9,1442.41,7.61,17.31,250,Faisalabad,31.4504,73.135,18,26,4,Friday,12,0
697382ee0432e13762fcf6dc,2025-12-26 19:00:00,5,170.54,295.86,26.73,51.1,1421.23,6.57,14.5,250,Faisalabad,31.4504,73.135,19,26,4,Friday,12,0
697382ee0432e13762fcf6dd,2025-12-26 20:00:00,5,173.13,293.86,24.78,48.21,1403.06,6.41,13.71,250,Faisalabad,31.4504,73.135,20,26,4,Friday,12,0
697382ef0432e13762fcf6de,2025-12-26 21:00:00,5,178.75,295.86,23.6,46.95,1408.19,6.68,13.95,250,Faisalabad,31.4504,73.135,21,26,4,Friday,12,0
697382ef0432e13762fcf6df,2025-12-26 22:00:00,5,187.05,301.05,23.27,46.8,1441.39,7.23,14.98,250,Faisalabad,31.4504,73.135,22,26,4,Friday,12,0
697382ef0432e13762fcf6e0,2025-12-26 23:00:00,5,197.89,310.06,23.35,47.05,1498.41,7.84,16.3,250,Faisalabad,31.4504,73.135,23,26,4,Friday,12,0
697382f00432e13762fcf6e1,2025-12-27 00:00:00,5,209.13,319.58,23.4,46.74,1552.69,8.37,17.31,250,Faisalabad,31.4504,73.135,0,27,5,Saturday,12,1
697382f00432e13762fcf6e2,2025-12-27 01:00:00,5,219.89,328.25,23.4,44.77,1588.91,8.7,17.42,250,Faisalabad,31.4504,73.135,1,27,5,Saturday,12,1
697382f00432e13762fcf6e3,2025-12-27 02:00:00,5,231.77,340.97,25.03,40.99,1664.38,9.15,18.0,250,Faisalabad,31.4504,73.135,2,27,5,Saturday,12,1
697382f00432e13762fcf6e4,2025-12-27 03:00:00,5,241.92,353.19,27.78,34.52,1751.81,9.2,18.27,250,Faisalabad,31.4504,73.135,3,27,5,Saturday,12,1
697382f10432e13762fcf6e5,2025-12-27 04:00:00,5,241.77,351.37,24.51,32.06,1780.11,7.0,13.51,250,Faisalabad,31.4504,73.135,4,27,5,Saturday,12,1
697382f10432e13762fcf6e6,2025-12-27 05:00:00,5,237.06,344.61,19.43,39.06,1755.14,5.24,10.59,250,Faisalabad,31.4504,73.135,5,27,5,Saturday,12,1
697382f10432e13762fcf6e7,2025-12-27 06:00:00,5,236.51,342.72,17.16,58.55,1713.02,4.41,9.1,250,Faisalabad,31.4504,73.135,6,27,5,Saturday,12,1
697382f20432e13762fcf6e8,2025-12-27 07:00:00,5,199.44,306.55,13.16,92.37,1308.89,4.77,4.48,250,Faisalabad,31.4504,73.135,7,27,5,Saturday,12,1
697382f20432e13762fcf6e9,2025-12-27 08:00:00,5,183.91,293.61,10.49,105.09,1121.28,5.65,2.95,250,Faisalabad,31.4504,73.135,8,27,5,Saturday,12,1
697382f20432e13762fcf6ea,2025-12-27 09:00:00,5,167.5,281.99,8.25,114.35,960.85,7.08,2.05,250,Faisalabad,31.4504,73.135,9,27,5,Saturday,12,1
697382f20432e13762fcf6eb,2025-12-27 10:00:00,5,162.4,281.42,7.76,114.61,887.66,7.94,1.77,250,Faisalabad,31.4504,73.135,10,27,5,Saturday,12,1
697382f20432e13762fcf6ec,2025-12-27 11:00:00,5,171.2,290.41,10.65,103.57,953.18,7.27,3.2,250,Faisalabad,31.4504,73.135,11,27,5,Saturday,12,1
697382f30432e13762fcf6ed,2025-12-27 12:00:00,5,180.04,300.52,14.67,94.63,1032.33,7.18,4.58,250,Faisalabad,31.4504,73.135,12,27,5,Saturday,12,1
697382f30432e13762fcf6ee,2025-12-27 13:00:00,5,189.97,312.86,18.42,86.95,1124.78,7.46,6.15,250,Faisalabad,31.4504,73.135,13,27,5,Saturday,12,1
697382f30432e13762fcf6ef,2025-12-27 14:00:00,5,204.1,331.96,20.78,80.96,1229.6,7.84,7.85,250,Faisalabad,31.4504,73.135,14,27,5,Saturday,12,1
697382f40432e13762fcf6f0,2025-12-27 15:00:00,5,219.8,354.35,21.62,75.76,1325.21,8.05,9.6,250,Faisalabad,31.4504,73.135,15,27,5,Saturday,12,1
697382f40432e13762fcf6f1,2025-12-27 16:00:00,5,231.56,370.7,21.38,69.85,1388.91,8.02,10.86,250,Faisalabad,31.4504,73.135,16,27,5,Saturday,12,1
697382f40432e13762fcf6f2,2025-12-27 17:00:00,5,244.52,389.07,21.64,65.72,1462.15,8.19,12.04,250,Faisalabad,31.4504,73.135,17,27,5,Saturday,12,1
697382f40432e13762fcf6f3,2025-12-27 18:00:00,5,256.24,404.38,22.02,61.71,1522.73,8.2,12.78,250,Faisalabad,31.4504,73.135,18,27,5,Saturday,12,1
697382f50432e13762fcf6f4,2025-12-27 19:00:00,5,263.06,410.7,21.68,57.81,1537.69,7.94,12.83,250,Faisalabad,31.4504,73.135,19,27,5,Saturday,12,1
697382f50432e13762fcf6f5,2025-12-27 20:00:00,5,270.1,417.01,21.07,54.5,1550.34,7.73,13.01,250,Faisalabad,31.4504,73.135,20,27,5,Saturday,12,1
697382f50432e13762fcf6f6,2025-12-27 21:00:00,5,275.89,420.74,20.46,50.73,1563.04,7.2,12.43,250,Faisalabad,31.4504,73.135,21,27,5,Saturday,12,1
697382f50432e13762fcf6f7,2025-12-27 22:00:00,5,276.73,417.31,19.64,46.06,1550.73,5.7,9.99,250,Faisalabad,31.4504,73.135,22,27,5,Saturday,12,1
697382f60432e13762fcf6f8,2025-12-27 23:00:00,5,278.28,415.36,19.18,43.02,1545.6,4.81,8.59,250,Faisalabad,31.4504,73.135,23,27,5,Saturday,12,1
697382f60432e13762fcf6f9,2025-12-28 00:00:00,5,277.56,410.18,18.71,40.99,1530.16,4.35,7.87,250,Faisalabad,31.4504,73.135,0,28,6,Sunday,12,1
697382f60432e13762fcf6fa,2025-12-28 01:00:00,5,273.86,401.13,18.29,38.84,1502.95,3.97,7.21,250,Faisalabad,31.4504,73.135,1,28,6,Sunday,12,1
697382f60432e13762fcf6fb,2025-12-28 02:00:00,5,271.61,394.05,18.92,35.3,1497.86,3.73,6.95,250,Faisalabad,31.4504,73.135,2,28,6,Sunday,12,1
697382f70432e13762fcf6fc,2025-12-28 03:00:00,5,268.25,384.36,20.15,30.6,1509.01,3.57,6.47,250,Faisalabad,31.4504,73.135,3,28,6,Sunday,12,1
697382f70432e13762fcf6fd,2025-12-28 04:00:00,5,254.75,358.97,17.21,30.92,1465.62,2.89,2.96,250,Faisalabad,31.4504,73.135,4,28,6,Sunday,12,1
697382f70432e13762fcf6fe,2025-12-28 05:00:00,5,239.23,337.16,13.6,38.97,1405.36,3.24,3.42,250,Faisalabad,31.4504,73.135,5,28,6,Sunday,12,1
697382f70432e13762fcf6ff,2025-12-28 06:00:00,5,228.14,325.15,11.59,57.71,1318.65,4.51,3.64,250,Faisalabad,31.4504,73.135,6,28,6,Sunday,12,1
697382f80432e13762fcf700,2025-12-28 07:00:00,5,166.36,272.79,5.51,110.79,758.03,17.71,0.35,250,Faisalabad,31.4504,73.135,7,28,6,Sunday,12,1
697382f80432e13762fcf701,2025-12-28 08:00:00,5,152.03,265.05,3.9,124.0,604.31,20.69,0.0,250,Faisalabad,31.4504,73.135,8,28,6,Sunday,12,1
697382f80432e13762fcf702,2025-12-28 09:00:00,5,149.3,267.87,3.43,130.56,560.39,20.89,0.0,250,Faisalabad,31.4504,73.135,9,28,6,Sunday,12,1
697382f80432e13762fcf703,2025-12-28 10:00:00,5,153.23,273.22,4.69,123.06,586.99,18.3,0.22,250,Faisalabad,31.4504,73.135,10,28,6,Sunday,12,1
697382f90432e13762fcf704,2025-12-28 11:00:00,5,160.54,278.77,7.75,110.16,659.92,15.45,0.96,250,Faisalabad,31.4504,73.135,11,28,6,Sunday,12,1
697382f90432e13762fcf705,2025-12-28 12:00:00,5,167.08,284.32,12.12,101.33,745.79,14.52,2.68,250,Faisalabad,31.4504,73.135,12,28,6,Sunday,12,1
697382f90432e13762fcf706,2025-12-28 13:00:00,5,174.91,290.6,16.22,94.31,850.35,14.63,5.03,250,Faisalabad,31.4504,73.135,13,28,6,Sunday,12,1
697382f90432e13762fcf707,2025-12-28 14:00:00,5,186.88,302.66,19.29,87.17,968.57,14.67,7.35,250,Faisalabad,31.4504,73.135,14,28,6,Sunday,12,1
697382fa0432e13762fcf708,2025-12-28 15:00:00,5,198.75,315.34,21.27,78.42,1084.97,14.24,9.64,250,Faisalabad,31.4504,73.135,15,28,6,Sunday,12,1
697382fa0432e13762fcf709,2025-12-28 16:00:00,5,206.23,320.76,22.0,65.88,1170.55,12.17,10.35,250,Faisalabad,31.4504,73.135,16,28,6,Sunday,12,1
697382fa0432e13762fcf70a,2025-12-28 17:00:00,5,215.75,328.5,22.74,53.44,1265.37,9.11,9.85,250,Faisalabad,31.4504,73.135,17,28,6,Sunday,12,1
697382fb0432e13762fcf70b,2025-12-28 18:00:00,5,224.57,333.34,23.46,43.15,1347.89,6.05,7.71,250,Faisalabad,31.4504,73.135,18,28,6,Sunday,12,1
697382fb0432e13762fcf70c,2025-12-28 19:00:00,5,226.43,327.24,23.02,35.2,1369.48,3.77,4.77,250,Faisalabad,31.4504,73.135,19,28,6,Sunday,12,1
697382fb0432e13762fcf70d,2025-12-28 20:00:00,5,230.45,325.79,22.45,30.6,1399.66,2.92,3.58,250,Faisalabad,31.4504,73.135,20,28,6,Sunday,12,1
697382fb0432e13762fcf70e,2025-12-28 21:00:00,5,236.53,327.45,21.72,27.87,1432.87,2.57,3.15,250,Faisalabad,31.4504,73.135,21,28,6,Sunday,12,1
697382fc0432e13762fcf70f,2025-12-28 22:00:00,5,243.69,330.52,20.77,25.8,1467.55,2.32,2.93,250,Faisalabad,31.4504,73.135,22,28,6,Sunday,12,1
697382fc0432e13762fcf710,2025-12-28 23:00:00,5,252.66,336.92,20.07,24.23,1511.04,2.13,2.82,250,Faisalabad,31.4504,73.135,23,28,6,Sunday,12,1
697382fc0432e13762fcf711,2025-12-29 00:00:00,5,261.18,343.13,19.5,22.99,1544.37,2.01,2.81,250,Faisalabad,31.4504,73.135,0,29,0,Monday,12,0
697382fc0432e13762fcf712,2025-12-29 01:00:00,5,268.24,348.2,19.07,21.56,1581.8,1.88,2.68,250,Faisalabad,31.4504,73.135,1,29,0,Monday,12,0
697382fd0432e13762fcf713,2025-12-29 02:00:00,5,276.71,355.52,19.66,18.5,1648.39,1.84,2.45,250,Faisalabad,31.4504,73.135,2,29,0,Monday,12,0
697382fd0432e13762fcf714,2025-12-29 03:00:00,5,281.93,359.18,20.86,15.72,1726.92,1.89,2.15,250,Faisalabad,31.4504,73.135,3,29,0,Monday,12,0
697382fd0432e13762fcf715,2025-12-29 04:00:00,5,270.53,343.37,16.51,22.72,1687.46,2.0,1.93,250,Faisalabad,31.4504,73.135,4,29,0,Monday,12,0
697382fd0432e13762fcf716,2025-12-29 05:00:00,5,258.16,328.74,13.77,34.79,1630.87,2.19,2.85,250,Faisalabad,31.4504,73.135,5,29,0,Monday,12,0
697382fd0432e13762fcf717,2025-12-29 06:00:00,5,254.74,324.34,12.69,57.72,1580.83,2.55,3.6,250,Faisalabad,31.4504,73.135,6,29,0,Monday,12,0
697382fe0432e13762fcf718,2025-12-29 07:00:00,5,181.44,242.35,6.98,112.92,946.56,8.59,0.54,250,Faisalabad,31.4504,73.135,7,29,0,Monday,12,0
697382fe0432e13762fcf719,2025-12-29 08:00:00,5,161.1,219.46,5.22,127.65,768.13,11.22,0.24,250,Faisalabad,31.4504,73.135,8,29,0,Monday,12,0
697382fe0432e13762fcf71a,2025-12-29 09:00:00,5,156.53,214.11,4.64,135.08,714.06,11.68,0.12,250,Faisalabad,31.4504,73.135,9,29,0,Monday,12,0
697382fe0432e13762fcf71b,2025-12-29 10:00:00,5,164.21,223.35,6.24,128.31,760.89,10.64,0.58,250,Faisalabad,31.4504,73.135,10,29,0,Monday,12,0
697382ff0432e13762fcf71c,2025-12-29 11:00:00,5,176.12,237.7,10.36,115.87,876.65,9.9,2.67,250,Faisalabad,31.4504,73.135,11,29,0,Monday,12,0
697382ff0432e13762fcf71d,2025-12-29 12:00:00,5,187.7,252.16,16.09,105.91,997.67,10.08,4.68,250,Faisalabad,31.4504,73.135,12,29,0,Monday,12,0
697382ff0432e13762fcf71e,2025-12-29 13:00:00,5,198.76,266.84,20.81,96.32,1126.0,10.42,7.08,250,Faisalabad,31.4504,73.135,13,29,0,Monday,12,0
697383000432e13762fcf71f,2025-12-29 14:00:00,5,211.34,284.3,23.72,87.28,1258.79,10.11,9.61,250,Faisalabad,31.4504,73.135,14,29,0,Monday,12,0
697383000432e13762fcf720,2025-12-29 15:00:00,5,223.46,300.73,24.89,78.62,1379.89,8.98,11.36,250,Faisalabad,31.4504,73.135,15,29,0,Monday,12,0
697383000432e13762fcf721,2025-12-29 16:00:00,5,228.46,306.65,24.44,70.48,1439.76,7.45,11.85,250,Faisalabad,31.4504,73.135,16,29,0,Monday,12,0
697383010432e13762fcf722,2025-12-29 17:00:00,5,234.32,314.27,24.15,64.31,1498.31,6.72,11.94,250,Faisalabad,31.4504,73.135,17,29,0,Monday,12,0
697383010432e13762fcf723,2025-12-29 18:00:00,5,239.67,320.38,23.89,57.63,1542.64,6.06,11.01,250,Faisalabad,31.4504,73.135,18,29,0,Monday,12,0
697383010432e13762fcf724,2025-12-29 19:00:00,5,239.23,316.61,22.64,49.58,1534.24,4.39,7.58,250,Faisalabad,31.4504,73.135,19,29,0,Monday,12,0
697383010432e13762fcf725,2025-12-29 20:00:00,5,239.79,313.5,21.22,43.23,1526.66,3.19,5.15,250,Faisalabad,31.4504,73.135,20,29,0,Monday,12,0
697383020432e13762fcf726,2025-12-29 21:00:00,5,242.06,312.7,20.15,38.11,1542.37,2.52,3.86,250,Faisalabad,31.4504,73.135,21,29,0,Monday,12,0
697383020432e13762fcf727,2025-12-29 22:00:00,5,245.64,313.49,19.41,33.36,1566.57,2.04,2.98,250,Faisalabad,31.4504,73.135,22,29,0,Monday,12,0
697383020432e13762fcf728,2025-12-29 23:00:00,5,251.61,317.4,18.8,29.25,1608.06,1.67,2.36,250,Faisalabad,31.4504,73.135,23,29,0,Monday,12,0
697383020432e13762fcf729,2025-12-30 00:00:00,5,258.91,322.79,18.17,25.86,1648.18,1.37,1.89,250,Faisalabad,31.4504,73.135,0,30,1,Tuesday,12,0
697383030432e13762fcf72a,2025-12-30 01:00:00,5,267.53,329.81,17.64,22.69,1691.18,1.17,1.64,250,Faisalabad,31.4504,73.135,1,30,1,Tuesday,12,0
697383030432e13762fcf72b,2025-12-30 02:00:00,5,278.77,341.49,18.06,19.77,1760.53,1.25,1.73,250,Faisalabad,31.4504,73.135,2,30,1,Tuesday,12,0
697383030432e13762fcf72c,2025-12-30 03:00:00,5,285.81,349.48,18.94,20.4,1812.4,1.41,1.67,250,Faisalabad,31.4504,73.135,3,30,1,Tuesday,12,0
697383030432e13762fcf72d,2025-12-30 04:00:00,5,269.05,331.26,14.65,41.11,1627.12,1.71,1.28,250,Faisalabad,31.4504,73.135,4,30,1,Tuesday,12,0
697383040432e13762fcf72e,2025-12-30 05:00:00,5,257.3,317.99,12.12,55.06,1537.71,1.86,2.21,250,Faisalabad,31.4504,73.135,5,30,1,Tuesday,12,0
697383040432e13762fcf72f,2025-12-30 06:00:00,5,251.27,311.73,10.39,75.04,1469.73,2.11,3.09,250,Faisalabad,31.4504,73.135,6,30,1,Tuesday,12,0
697383040432e13762fcf730,2025-12-30 07:00:00,5,190.45,249.41,5.58,128.99,915.41,6.34,0.5,250,Faisalabad,31.4504,73.135,7,30,1,Tuesday,12,0
697383040432e13762fcf731,2025-12-30 08:00:00,5,175.85,234.85,4.25,142.93,774.97,7.79,0.45,250,Faisalabad,31.4504,73.135,8,30,1,Tuesday,12,0
697383050432e13762fcf732,2025-12-30 09:00:00,5,173.99,233.59,3.84,149.6,740.54,7.9,0.24,250,Faisalabad,31.4504,73.135,9,30,1,Tuesday,12,0
697383050432e13762fcf733,2025-12-30 10:00:00,5,180.94,242.04,5.4,139.49,784.94,7.23,0.52,250,Faisalabad,31.4504,73.135,10,30,1,Tuesday,12,0
697383050432e13762fcf734,2025-12-30 11:00:00,5,192.56,255.09,8.95,117.28,901.13,6.01,2.15,250,Faisalabad,31.4504,73.135,11,30,1,Tuesday,12,0
697383050432e13762fcf735,2025-12-30 12:00:00,5,202.14,266.03,13.82,98.35,1032.49,5.08,3.91,250,Faisalabad,31.4504,73.135,12,30,1,Tuesday,12,0
697383060432e13762fcf736,2025-12-30 13:00:00,5,212.64,279.15,18.01,84.62,1172.27,4.47,5.41,250,Faisalabad,31.4504,73.135,13,30,1,Tuesday,12,0
697383060432e13762fcf737,2025-12-30 14:00:00,5,226.86,297.94,20.26,75.22,1318.51,4.01,6.64,250,Faisalabad,31.4504,73.135,14,30,1,Tuesday,12,0
697383060432e13762fcf738,2025-12-30 15:00:00,5,242.48,318.77,20.99,67.56,1454.8,3.54,7.47,250,Faisalabad,31.4504,73.135,15,30,1,Tuesday,12,0
697383070432e13762fcf739,2025-12-30 16:00:00,5,253.55,333.03,20.71,59.9,1544.69,2.96,7.14,250,Faisalabad,31.4504,73.135,16,30,1,Tuesday,12,0
697383070432e13762fcf73a,2025-12-30 17:00:00,5,267.22,352.0,20.97,52.43,1655.26,2.46,5.59,250,Faisalabad,31.4504,73.135,17,30,1,Tuesday,12,0
697383070432e13762fcf73b,2025-12-30 18:00:00,5,277.95,368.39,20.94,46.23,1734.61,1.96,3.54,250,Faisalabad,31.4504,73.135,18,30,1,Tuesday,12,0
697383070432e13762fcf73c,2025-12-30 19:00:00,5,279.61,370.65,19.85,41.2,1743.25,1.37,2.05,250,Faisalabad,31.4504,73.135,19,30,1,Tuesday,12,0
697383080432e13762fcf73d,2025-12-30 20:00:00,5,284.12,373.51,18.88,35.7,1776.78,1.0,1.49,250,Faisalabad,31.4504,73.135,20,30,1,Tuesday,12,0
697383080432e13762fcf73e,2025-12-30 21:00:00,5,290.6,380.51,17.75,33.29,1819.16,0.92,1.23,250,Faisalabad,31.4504,73.135,21,30,1,Tuesday,12,0
697383080432e13762fcf73f,2025-12-30 22:00:00,5,293.58,387.23,15.52,39.46,1807.51,1.21,1.02,250,Faisalabad,31.4504,73.135,22,30,1,Tuesday,12,0
697383090432e13762fcf740,2025-12-30 23:00:00,5,296.67,388.9,14.69,38.29,1826.42,1.11,1.04,250,Faisalabad,31.4504,73.135,23,30,1,Tuesday,12,0
697383090432e13762fcf741,2025-12-31 00:00:00,5,300.08,389.14,14.28,35.02,1845.32,1.0,1.09,250,Faisalabad,31.4504,73.135,0,31,2,Wednesday,12,0
697383090432e13762fcf742,2025-12-31 01:00:00,5,302.51,387.77,14.0,32.03,1857.99,0.98,1.14,250,Faisalabad,31.4504,73.135,1,31,2,Wednesday,12,0
697383090432e13762fcf743,2025-12-31 02:00:00,5,304.9,386.91,14.5,31.02,1876.04,1.22,1.4,250,Faisalabad,31.4504,73.135,2,31,2,Wednesday,12,0
6973830a0432e13762fcf744,2025-12-31 03:00:00,5,305.34,384.07,14.95,36.95,1851.89,1.69,1.37,250,Faisalabad,31.4504,73.135,3,31,2,Wednesday,12,0
6973830a0432e13762fcf745,2025-12-31 04:00:00,5,281.66,349.05,11.68,70.75,1574.3,4.26,0.66,250,Faisalabad,31.4504,73.135,4,31,2,Wednesday,12,0
6973830a0432e13762fcf746,2025-12-31 05:00:00,5,260.22,316.05,10.47,83.87,1394.85,5.97,0.53,250,Faisalabad,31.4504,73.135,5,31,2,Wednesday,12,0
6973830a0432e13762fcf747,2025-12-31 06:00:00,5,247.54,298.46,9.86,90.06,1299.82,7.11,0.46,250,Faisalabad,31.4504,73.135,6,31,2,Wednesday,12,0
6973830b0432e13762fcf748,2025-12-31 07:00:00,5,225.61,271.52,9.31,96.13,1177.62,8.46,0.35,250,Faisalabad,31.4504,73.135,7,31,2,Wednesday,12,0
6973830b0432e13762fcf749,2025-12-31 08:00:00,5,206.98,248.74,9.04,97.4,1091.76,8.49,0.38,250,Faisalabad,31.4504,73.135,8,31,2,Wednesday,12,0
6973830b0432e13762fcf74a,2025-12-31 09:00:00,5,197.35,234.99,8.98,97.04,1059.35,7.93,0.38,250,Faisalabad,31.4504,73.135,9,31,2,Wednesday,12,0
6973830c0432e13762fcf74b,2025-12-31 10:00:00,5,188.45,221.01,9.1,97.79,1026.03,7.04,0.31,250,Faisalabad,31.4504,73.135,10,31,2,Wednesday,12,0
6973830c0432e13762fcf74c,2025-12-31 11:00:00,5,181.47,210.17,10.08,94.88,1016.8,6.06,0.45,250,Faisalabad,31.4504,73.135,11,31,2,Wednesday,12,0
6973830c0432e13762fcf74d,2025-12-31 12:00:00,5,176.18,202.36,11.89,90.2,1030.51,5.3,0.74,250,Faisalabad,31.4504,73.135,12,31,2,Wednesday,12,0
6973830c0432e13762fcf74e,2025-12-31 13:00:00,5,177.89,204.13,14.99,79.28,1112.09,4.28,1.47,250,Faisalabad,31.4504,73.135,13,31,2,Wednesday,12,0
6973830d0432e13762fcf74f,2025-12-31 14:00:00,5,187.56,216.12,18.56,64.11,1263.01,3.42,2.11,250,Faisalabad,31.4504,73.135,14,31,2,Wednesday,12,0
6973830d0432e13762fcf750,2025-12-31 15:00:00,5,200.07,231.3,20.52,51.74,1422.17,2.97,2.33,250,Faisalabad,31.4504,73.135,15,31,2,Wednesday,12,0
6973830d0432e13762fcf751,2025-12-31 16:00:00,5,210.29,242.76,20.8,42.21,1545.15,2.59,2.17,250,Faisalabad,31.4504,73.135,16,31,2,Wednesday,12,0
6973830d0432e13762fcf752,2025-12-31 17:00:00,5,220.29,252.55,20.57,36.53,1654.67,2.31,1.8,250,Faisalabad,31.4504,73.135,17,31,2,Wednesday,12,0
6973830e0432e13762fcf753,2025-12-31 18:00:00,5,224.74,251.89,19.92,33.45,1726.77,2.06,1.36,250,Faisalabad,31.4504,73.135,18,31,2,Wednesday,12,0
6973830e0432e13762fcf754,2025-12-31 19:00:00,5,217.13,236.21,18.0,33.23,1714.61,1.77,0.84,250,Faisalabad,31.4504,73.135,19,31,2,Wednesday,12,0
6973830e0432e13762fcf755,2025-12-31 20:00:00,5,208.33,223.18,16.53,32.66,1699.64,1.54,0.68,250,Faisalabad,31.4504,73.135,20,31,2,Wednesday,12,0
6973830e0432e13762fcf756,2025-12-31 21:00:00,5,199.77,212.14,15.04,33.07,1675.88,1.43,0.58,250,Faisalabad,31.4504,73.135,21,31,2,Wednesday,12,0
6973830f0432e13762fcf757,2025-12-31 22:00:00,5,188.7,199.63,13.23,36.47,1623.12,1.53,0.47,250,Faisalabad,31.4504,73.135,22,31,2,Wednesday,12,0
6973830f0432e13762fcf758,2025-12-31 23:00:00,5,175.44,185.47,11.42,39.76,1547.11,1.43,0.46,250,Faisalabad,31.4504,73.135,23,31,2,Wednesday,12,0
6973830f0432e13762fcf759,2026-01-01 00:00:00,5,161.53,171.04,9.72,42.66,1454.84,1.29,0.48,250,Faisalabad,31.4504,73.135,0,1,3,Thursday,1,0
6973830f0432e13762fcf75a,2026-01-02 01:00:00,5,134.56,177.84,16.65,18.28,1523.63,0.79,4.82,250,Faisalabad,31.4504,73.135,1,2,4,Friday,1,0
697383100432e13762fcf75b,2026-01-02 02:00:00,5,136.48,179.63,17.42,18.69,1554.38,1.19,5.44,250,Faisalabad,31.4504,73.135,2,2,4,Friday,1,0
697383100432e13762fcf75c,2026-01-02 03:00:00,5,140.92,182.51,19.45,17.73,1620.76,1.61,6.39,250,Faisalabad,31.4504,73.135,3,2,4,Friday,1,0
697383100432e13762fcf75d,2026-01-02 04:00:00,5,143.65,184.49,19.13,19.21,1671.22,1.86,6.79,250,Faisalabad,31.4504,73.135,4,2,4,Friday,1,0
697383100432e13762fcf75e,2026-01-02 05:00:00,5,147.23,191.8,15.79,27.29,1720.01,1.99,6.59,250,Faisalabad,31.4504,73.135,5,2,4,Friday,1,0
697383110432e13762fcf75f,2026-01-02 06:00:00,5,153.58,201.69,13.6,49.71,1706.71,2.04,6.9,250,Faisalabad,31.4504,73.135,6,2,4,Friday,1,0
697383110432e13762fcf760,2026-01-02 07:00:00,5,83.28,125.32,4.01,116.85,810.86,1.94,3.68,250,Faisalabad,31.4504,73.135,7,2,4,Friday,1,0
697383110432e13762fcf761,2026-01-02 08:00:00,4,72.57,111.29,2.22,128.43,672.34,1.67,3.9,175,Faisalabad,31.4504,73.135,8,2,4,Friday,1,0
697383110432e13762fcf762,2026-01-02 09:00:00,4,70.71,109.93,1.87,131.48,644.51,1.62,4.61,175,Faisalabad,31.4504,73.135,9,2,4,Friday,1,0
697383120432e13762fcf763,2026-01-02 10:00:00,5,76.32,118.23,3.73,118.58,705.55,1.76,7.95,250,Faisalabad,31.4504,73.135,10,2,4,Friday,1,0
697383120432e13762fcf764,2026-01-02 11:00:00,5,87.77,133.85,7.74,98.35,833.88,2.05,12.86,250,Faisalabad,31.4504,73.135,11,2,4,Friday,1,0
697383130432e13762fcf765,2026-01-02 12:00:00,5,97.66,148.14,13.27,83.32,972.45,2.47,17.74,250,Faisalabad,31.4504,73.135,12,2,4,Friday,1,0
697383130432e13762fcf766,2026-01-02 13:00:00,5,109.2,164.73,18.89,73.39,1127.88,3.44,24.68,250,Faisalabad,31.4504,73.135,13,2,4,Friday,1,0
697383130432e13762fcf767,2026-01-02 14:00:00,5,124.59,186.29,23.49,66.75,1305.27,4.91,33.68,250,Faisalabad,31.4504,73.135,14,2,4,Friday,1,0
697383130432e13762fcf768,2026-01-02 15:00:00,5,141.45,209.44,26.83,61.47,1475.15,6.51,43.26,250,Faisalabad,31.4504,73.135,15,2,4,Friday,1,0
697383130432e13762fcf769,2026-01-02 16:00:00,5,156.05,227.53,28.81,56.27,1607.61,7.64,50.46,250,Faisalabad,31.4504,73.135,16,2,4,Friday,1,0
697383140432e13762fcf76a,2026-01-02 17:00:00,5,171.14,245.56,30.42,51.53,1740.03,8.29,54.46,250,Faisalabad,31.4504,73.135,17,2,4,Friday,1,0
697383140432e13762fcf76b,2026-01-02 18:00:00,5,183.5,259.07,31.72,47.51,1845.33,8.43,56.21,250,Faisalabad,31.4504,73.135,18,2,4,Friday,1,0
697383140432e13762fcf76c,2026-01-02 19:00:00,5,187.93,261.12,31.62,44.48,1856.8,7.99,57.31,250,Faisalabad,31.4504,73.135,19,2,4,Friday,1,0
697383140432e13762fcf76d,2026-01-02 20:00:00,5,190.74,261.2,30.31,42.4,1838.42,7.56,59.84,250,Faisalabad,31.4504,73.135,20,2,4,Friday,1,0
697383150432e13762fcf76e,2026-01-02 21:00:00,5,193.47,261.51,28.36,39.45,1818.48,6.93,59.99,250,Faisalabad,31.4504,73.135,21,2,4,Friday,1,0
697383150432e13762fcf76f,2026-01-02 22:00:00,5,194.03,259.64,25.52,34.54,1786.11,5.17,46.18,250,Faisalabad,31.4504,73.135,22,2,4,Friday,1,0
697383150432e13762fcf770,2026-01-02 23:00:00,5,195.76,260.08,23.69,30.97,1767.82,4.26,41.05,250,Faisalabad,31.4504,73.135,23,2,4,Friday,1,0
697383150432e13762fcf771,2026-01-03 00:00:00,5,198.33,262.06,22.8,27.94,1762.78,3.88,40.94,250,Faisalabad,31.4504,73.135,0,3,5,Saturday,1,1
697383160432e13762fcf772,2026-01-03 01:00:00,5,202.49,264.85,22.56,24.17,1770.76,3.44,37.75,250,Faisalabad,31.4504,73.135,1,3,5,Saturday,1,1
697383160432e13762fcf773,2026-01-03 02:00:00,5,211.39,267.98,23.3,19.11,1849.75,2.75,25.15,250,Faisalabad,31.4504,73.135,2,3,5,Saturday,1,1
697383160432e13762fcf774,2026-01-03 03:00:00,5,220.26,266.88,24.87,14.93,1951.47,2.28,15.65,250,Faisalabad,31.4504,73.135,3,3,5,Saturday,1,1
697383170432e13762fcf775,2026-01-03 04:00:00,5,214.59,254.29,21.72,17.88,1928.11,1.94,10.47,250,Faisalabad,31.4504,73.135,4,3,5,Saturday,1,1
697383170432e13762fcf776,2026-01-03 05:00:00,5,206.53,252.05,16.21,29.71,1864.83,1.78,8.19,250,Faisalabad,31.4504,73.135,5,3,5,Saturday,1,1
697383170432e13762fcf777,2026-01-03 06:00:00,5,207.88,262.27,13.23,57.11,1792.14,1.7,8.09,250,Faisalabad,31.4504,73.135,6,3,5,Saturday,1,1
697383170432e13762fcf778,2026-01-03 07:00:00,5,99.71,146.66,2.89,131.42,738.71,5.81,3.49,250,Faisalabad,31.4504,73.135,7,3,5,Saturday,1,1
697383180432e13762fcf779,2026-01-03 08:00:00,5,84.0,124.11,1.5,140.25,584.52,7.13,2.85,250,Faisalabad,31.4504,73.135,8,3,5,Saturday,1,1
697383180432e13762fcf77a,2026-01-03 09:00:00,5,83.44,124.73,1.36,142.23,567.12,7.07,3.27,250,Faisalabad,31.4504,73.135,9,3,5,Saturday,1,1
697383180432e13762fcf77b,2026-01-03 10:00:00,5,89.44,133.6,3.01,126.74,623.0,5.88,6.58,250,Faisalabad,31.4504,73.135,10,3,5,Saturday,1,1
697383190432e13762fcf77c,2026-01-03 11:00:00,5,98.57,146.26,6.3,104.23,723.13,4.56,11.52,250,Faisalabad,31.4504,73.135,11,3,5,Saturday,1,1
697383190432e13762fcf77d,2026-01-03 12:00:00,5,107.0,158.76,10.54,88.91,831.29,4.0,16.06,250,Faisalabad,31.4504,73.135,12,3,5,Saturday,1,1
697383190432e13762fcf77e,2026-01-03 13:00:00,5,117.75,173.51,14.73,77.65,960.73,3.94,20.43,250,Faisalabad,31.4504,73.135,13,3,5,Saturday,1,1
697383190432e13762fcf77f,2026-01-03 14:00:00,5,131.71,192.56,17.74,66.21,1100.72,3.53,20.46,250,Faisalabad,31.4504,73.135,14,3,5,Saturday,1,1
6973831a0432e13762fcf780,2026-01-03 15:00:00,5,146.68,213.12,19.56,56.42,1236.8,3.01,17.23,250,Faisalabad,31.4504,73.135,15,3,5,Saturday,1,1
6973831a0432e13762fcf781,2026-01-03 16:00:00,5,158.55,228.55,20.09,48.17,1324.74,2.38,12.61,250,Faisalabad,31.4504,73.135,16,3,5,Saturday,1,1
6973831a0432e13762fcf782,2026-01-03 17:00:00,5,170.2,243.11,20.39,42.31,1405.59,1.96,9.24,250,Faisalabad,31.4504,73.135,17,3,5,Saturday,1,1
6973831a0432e13762fcf783,2026-01-03 18:00:00,5,178.44,252.25,20.18,38.38,1448.83,1.54,6.87,250,Faisalabad,31.4504,73.135,18,3,5,Saturday,1,1
6973831b0432e13762fcf784,2026-01-03 19:00:00,5,177.72,250.15,18.45,36.62,1406.75,1.04,5.29,250,Faisalabad,31.4504,73.135,19,3,5,Saturday,1,1
6973831b0432e13762fcf785,2026-01-03 20:00:00,5,178.34,249.61,17.15,32.92,1382.06,0.74,4.72,250,Faisalabad,31.4504,73.135,20,3,5,Saturday,1,1
6973831b0432e13762fcf786,2026-01-03 21:00:00,5,181.15,251.25,16.23,29.07,1376.47,0.61,4.49,250,Faisalabad,31.4504,73.135,21,3,5,Saturday,1,1
6973831c0432e13762fcf787,2026-01-03 22:00:00,5,183.9,253.02,15.39,25.64,1373.65,0.57,4.5,250,Faisalabad,31.4504,73.135,22,3,5,Saturday,1,1
6973831c0432e13762fcf788,2026-01-03 23:00:00,5,187.49,257.16,14.86,22.58,1376.57,0.58,4.84,250,Faisalabad,31.4504,73.135,23,3,5,Saturday,1,1
6973831c0432e13762fcf789,2026-01-04 00:00:00,5,192.06,263.56,14.49,19.94,1385.41,0.63,5.33,250,Faisalabad,31.4504,73.135,0,4,6,Sunday,1,1
6973831c0432e13762fcf78a,2026-01-04 01:00:00,5,196.82,270.68,14.08,17.67,1399.46,0.75,5.47,250,Faisalabad,31.4504,73.135,1,4,6,Sunday,1,1
6973831c0432e13762fcf78b,2026-01-04 02:00:00,5,204.28,280.69,14.2,15.69,1457.21,1.18,5.17,250,Faisalabad,31.4504,73.135,2,4,6,Sunday,1,1
6973831d0432e13762fcf78c,2026-01-04 03:00:00,5,211.62,289.4,14.59,17.67,1523.84,1.8,4.57,250,Faisalabad,31.4504,73.135,3,4,6,Sunday,1,1
6973831d0432e13762fcf78d,2026-01-04 04:00:00,5,210.26,295.81,11.56,37.15,1460.72,3.28,3.31,250,Faisalabad,31.4504,73.135,4,4,6,Sunday,1,1
6973831d0432e13762fcf78e,2026-01-04 05:00:00,5,212.41,303.01,9.54,50.65,1438.29,4.07,3.95,250,Faisalabad,31.4504,73.135,5,4,6,Sunday,1,1
6973831d0432e13762fcf78f,2026-01-04 06:00:00,5,217.89,313.83,8.46,67.84,1433.47,4.74,5.9,250,Faisalabad,31.4504,73.135,6,4,6,Sunday,1,1
6973831e0432e13762fcf790,2026-01-04 07:00:00,5,123.9,215.16,2.19,129.5,702.65,7.71,1.35,250,Faisalabad,31.4504,73.135,7,4,6,Sunday,1,1
6973831e0432e13762fcf791,2026-01-04 08:00:00,5,97.65,176.15,1.36,131.65,557.49,5.25,1.93,250,Faisalabad,31.4504,73.135,8,4,6,Sunday,1,1
6973831e0432e13762fcf792,2026-01-04 09:00:00,5,91.41,165.25,1.36,130.41,529.62,4.69,2.42,250,Faisalabad,31.4504,73.135,9,4,6,Sunday,1,1
6973831e0432e13762fcf793,2026-01-04 10:00:00,5,95.83,167.91,3.42,113.49,586.93,4.12,6.19,250,Faisalabad,31.4504,73.135,10,4,6,Sunday,1,1
6973831f0432e13762fcf794,2026-01-04 11:00:00,5,104.79,176.37,7.22,97.29,694.33,4.07,13.23,250,Faisalabad,31.4504,73.135,11,4,6,Sunday,1,1
6973831f0432e13762fcf795,2026-01-04 12:00:00,5,112.12,183.49,11.89,89.15,803.34,4.54,20.83,250,Faisalabad,31.4504,73.135,12,4,6,Sunday,1,1
6973831f0432e13762fcf796,2026-01-04 13:00:00,5,119.37,190.04,16.0,81.24,919.52,5.15,28.01,250,Faisalabad,31.4504,73.135,13,4,6,Sunday,1,1
6973831f0432e13762fcf797,2026-01-04 14:00:00,5,129.12,199.91,18.6,69.94,1043.61,5.17,30.57,250,Faisalabad,31.4504,73.135,14,4,6,Sunday,1,1
697383200432e13762fcf798,2026-01-04 15:00:00,5,140.65,211.18,19.98,57.48,1166.74,4.39,25.55,250,Faisalabad,31.4504,73.135,15,4,6,Sunday,1,1
697383200432e13762fcf799,2026-01-04 16:00:00,5,149.1,215.9,19.89,46.25,1243.08,2.94,13.64,250,Faisalabad,31.4504,73.135,16,4,6,Sunday,1,1
697383200432e13762fcf79a,2026-01-04 17:00:00,5,159.52,222.76,19.9,39.52,1314.37,2.3,8.89,250,Faisalabad,31.4504,73.135,17,4,6,Sunday,1,1
697383200432e13762fcf79b,2026-01-04 18:00:00,5,168.73,227.99,19.37,36.73,1346.39,2.03,6.37,250,Faisalabad,31.4504,73.135,18,4,6,Sunday,1,1
697383210432e13762fcf79c,2026-01-04 19:00:00,5,171.61,224.73,17.36,37.48,1291.79,1.86,4.85,250,Faisalabad,31.4504,73.135,19,4,6,Sunday,1,1
697383210432e13762fcf79d,2026-01-04 20:00:00,5,176.4,225.04,16.31,34.38,1274.06,1.56,4.92,250,Faisalabad,31.4504,73.135,20,4,6,Sunday,1,1
697383210432e13762fcf79e,2026-01-04 21:00:00,5,181.71,227.31,15.56,30.86,1266.62,1.43,5.47,250,Faisalabad,31.4504,73.135,21,4,6,Sunday,1,1
697383210432e13762fcf79f,2026-01-04 22:00:00,5,185.02,228.27,14.79,28.04,1254.5,1.38,5.93,250,Faisalabad,31.4504,73.135,22,4,6,Sunday,1,1
697383220432e13762fcf7a0,2026-01-04 23:00:00,5,187.75,228.79,14.08,26.1,1245.09,1.33,5.85,250,Faisalabad,31.4504,73.135,23,4,6,Sunday,1,1
697383220432e13762fcf7a1,2026-01-05 00:00:00,5,190.1,228.82,13.69,24.58,1244.54,1.3,6.07,250,Faisalabad,31.4504,73.135,0,5,0,Monday,1,0
697383220432e13762fcf7a2,2026-01-05 01:00:00,5,193.06,229.97,13.79,22.48,1265.12,1.36,6.35,250,Faisalabad,31.4504,73.135,1,5,0,Monday,1,0
697383220432e13762fcf7a3,2026-01-05 02:00:00,5,200.61,238.68,15.1,19.38,1358.85,1.74,6.11,250,Faisalabad,31.4504,73.135,2,5,0,Monday,1,0
697383230432e13762fcf7a4,2026-01-05 03:00:00,5,207.41,246.54,16.91,18.23,1469.17,2.11,5.52,250,Faisalabad,31.4504,73.135,3,5,0,Monday,1,0
697383230432e13762fcf7a5,2026-01-05 04:00:00,5,200.14,238.95,14.8,27.33,1473.56,2.43,4.51,250,Faisalabad,31.4504,73.135,4,5,0,Monday,1,0
697383230432e13762fcf7a6,2026-01-05 05:00:00,5,193.54,234.38,12.43,37.78,1468.37,2.72,5.6,250,Faisalabad,31.4504,73.135,5,5,0,Monday,1,0
697383230432e13762fcf7a7,2026-01-05 06:00:00,5,192.96,235.8,11.65,54.39,1466.01,3.23,8.29,250,Faisalabad,31.4504,73.135,6,5,0,Monday,1,0
697383240432e13762fcf7a8,2026-01-05 07:00:00,5,96.04,133.9,3.58,119.39,607.94,8.06,1.41,250,Faisalabad,31.4504,73.135,7,5,0,Monday,1,0
697383240432e13762fcf7a9,2026-01-05 08:00:00,5,84.65,122.86,2.32,124.45,518.56,6.03,1.8,250,Faisalabad,31.4504,73.135,8,5,0,Monday,1,0
697383240432e13762fcf7aa,2026-01-05 09:00:00,5,82.81,120.57,2.31,124.37,513.0,5.39,2.4,250,Faisalabad,31.4504,73.135,9,5,0,Monday,1,0
697383250432e13762fcf7ab,2026-01-05 10:00:00,5,89.3,128.1,4.25,121.21,571.43,5.53,5.44,250,Faisalabad,31.4504,73.135,10,5,0,Monday,1,0
697383250432e13762fcf7ac,2026-01-05 11:00:00,5,98.53,139.39,8.12,116.8,677.2,6.19,11.67,250,Faisalabad,31.4504,73.135,11,5,0,Monday,1,0
697383250432e13762fcf7ad,2026-01-05 12:00:00,5,105.88,148.71,12.44,110.83,789.88,6.76,17.42,250,Faisalabad,31.4504,73.135,12,5,0,Monday,1,0
697383250432e13762fcf7ae,2026-01-05 13:00:00,5,114.43,159.85,16.31,98.97,918.64,6.85,22.19,250,Faisalabad,31.4504,73.135,13,5,0,Monday,1,0
697383260432e13762fcf7af,2026-01-05 14:00:00,5,127.24,177.13,18.8,85.43,1063.36,6.86,25.58,250,Faisalabad,31.4504,73.135,14,5,0,Monday,1,0
697383260432e13762fcf7b0,2026-01-05 15:00:00,5,141.13,195.6,19.48,72.82,1197.61,6.55,25.95,250,Faisalabad,31.4504,73.135,15,5,0,Monday,1,0
697383260432e13762fcf7b1,2026-01-05 16:00:00,5,152.6,209.52,19.49,56.93,1314.63,4.42,14.56,250,Faisalabad,31.4504,73.135,16,5,0,Monday,1,0
697383260432e13762fcf7b2,2026-01-05 17:00:00,5,166.93,226.58,20.48,43.69,1463.2,3.58,12.93,250,Faisalabad,31.4504,73.135,17,5,0,Monday,1,0
697383270432e13762fcf7b3,2026-01-05 18:00:00,5,178.89,237.95,20.69,34.65,1569.61,3.38,15.07,250,Faisalabad,31.4504,73.135,18,5,0,Monday,1,0
697383270432e13762fcf7b4,2026-01-05 19:00:00,5,183.2,239.12,19.61,29.25,1579.75,3.06,17.58,250,Faisalabad,31.4504,73.135,19,5,0,Monday,1,0
697383270432e13762fcf7b5,2026-01-05 20:00:00,5,186.16,232.21,18.29,26.18,1570.04,2.83,19.88,250,Faisalabad,31.4504,73.135,20,5,0,Monday,1,0
697383270432e13762fcf7b6,2026-01-05 21:00:00,5,189.74,227.47,17.48,23.64,1579.56,2.71,21.73,250,Faisalabad,31.4504,73.135,21,5,0,Monday,1,0
697383280432e13762fcf7b7,2026-01-05 22:00:00,5,193.88,224.01,16.9,21.19,1598.87,2.42,20.56,250,Faisalabad,31.4504,73.135,22,5,0,Monday,1,0
697383280432e13762fcf7b8,2026-01-05 23:00:00,5,198.18,226.05,16.24,19.83,1614.64,1.84,14.81,250,Faisalabad,31.4504,73.135,23,5,0,Monday,1,0
697383280432e13762fcf7b9,2026-01-06 00:00:00,5,200.8,231.61,15.45,21.28,1612.57,1.43,10.28,250,Faisalabad,31.4504,73.135,0,6,1,Tuesday,1,0
697383280432e13762fcf7ba,2026-01-06 01:00:00,5,199.76,231.78,14.49,23.75,1580.54,1.24,7.51,250,Faisalabad,31.4504,73.135,1,6,1,Tuesday,1,0
697383280432e13762fcf7bb,2026-01-06 02:00:00,5,207.34,238.79,16.15,18.52,1666.49,1.51,7.37,250,Faisalabad,31.4504,73.135,2,6,1,Tuesday,1,0
697383290432e13762fcf7bc,2026-01-06 03:00:00,5,221.01,255.07,19.77,10.77,1839.24,1.92,8.03,250,Faisalabad,31.4504,73.135,3,6,1,Tuesday,1,0
697383290432e13762fcf7bd,2026-01-06 04:00:00,5,229.57,271.32,19.29,9.35,1990.0,2.11,8.11,250,Faisalabad,31.4504,73.135,4,6,1,Tuesday,1,0
697383290432e13762fcf7be,2026-01-06 05:00:00,5,232.17,287.57,16.21,18.44,2063.65,2.16,7.76,250,Faisalabad,31.4504,73.135,5,6,1,Tuesday,1,0
697383290432e13762fcf7bf,2026-01-06 06:00:00,5,237.37,305.9,15.43,41.95,2062.55,2.19,8.44,250,Faisalabad,31.4504,73.135,6,6,1,Tuesday,1,0
6973832a0432e13762fcf7c0,2026-01-06 07:00:00,5,127.92,196.17,3.61,123.05,819.49,2.79,2.06,250,Faisalabad,31.4504,73.135,7,6,1,Tuesday,1,0
6973832a0432e13762fcf7c1,2026-01-06 08:00:00,5,102.84,159.38,1.91,130.74,643.83,2.41,2.23,250,Faisalabad,31.4504,73.135,8,6,1,Tuesday,1,0
6973832a0432e13762fcf7c2,2026-01-06 09:00:00,5,93.53,144.47,1.6,132.03,597.01,2.27,2.68,250,Faisalabad,31.4504,73.135,9,6,1,Tuesday,1,0
6973832a0432e13762fcf7c3,2026-01-06 10:00:00,5,96.67,146.92,3.52,118.13,654.6,2.35,6.22,250,Faisalabad,31.4504,73.135,10,6,1,Tuesday,1,0
6973832b0432e13762fcf7c4,2026-01-06 11:00:00,5,109.39,162.87,7.79,98.83,794.86,2.77,12.28,250,Faisalabad,31.4504,73.135,11,6,1,Tuesday,1,0
6973832b0432e13762fcf7c5,2026-01-06 12:00:00,5,122.12,179.7,13.67,88.08,949.73,3.58,19.26,250,Faisalabad,31.4504,73.135,12,6,1,Tuesday,1,0
6973832b0432e13762fcf7c6,2026-01-06 13:00:00,5,136.16,198.61,19.55,80.15,1125.33,4.74,27.62,250,Faisalabad,31.4504,73.135,13,6,1,Tuesday,1,0
6973832c0432e13762fcf7c7,2026-01-06 14:00:00,5,154.3,223.59,24.17,71.2,1323.31,5.92,35.6,250,Faisalabad,31.4504,73.135,14,6,1,Tuesday,1,0
6973832c0432e13762fcf7c8,2026-01-06 15:00:00,5,175.45,253.13,27.42,61.64,1522.03,6.92,42.17,250,Faisalabad,31.4504,73.135,15,6,1,Tuesday,1,0
6973832c0432e13762fcf7c9,2026-01-06 16:00:00,5,193.88,278.29,28.97,53.02,1671.03,7.43,45.74,250,Faisalabad,31.4504,73.135,16,6,1,Tuesday,1,0
6973832c0432e13762fcf7ca,2026-01-06 17:00:00,5,213.72,305.14,30.55,46.85,1819.62,8.02,49.95,250,Faisalabad,31.4504,73.135,17,6,1,Tuesday,1,0
6973832d0432e13762fcf7cb,2026-01-06 18:00:00,5,231.06,328.21,31.53,41.98,1928.04,8.29,53.38,250,Faisalabad,31.4504,73.135,18,6,1,Tuesday,1,0
6973832d0432e13762fcf7cc,2026-01-06 19:00:00,5,238.26,336.48,30.45,38.46,1923.97,7.79,54.1,250,Faisalabad,31.4504,73.135,19,6,1,Tuesday,1,0
6973832d0432e13762fcf7cd,2026-01-06 20:00:00,5,244.55,343.38,28.9,35.92,1908.63,7.23,54.36,250,Faisalabad,31.4504,73.135,20,6,1,Tuesday,1,0
6973832e0432e13762fcf7ce,2026-01-06 21:00:00,5,251.17,350.79,27.28,33.21,1899.16,6.7,53.85,250,Faisalabad,31.4504,73.135,21,6,1,Tuesday,1,0
6973832e0432e13762fcf7cf,2026-01-06 22:00:00,5,256.6,356.84,25.25,30.22,1872.61,5.77,48.53,250,Faisalabad,31.4504,73.135,22,6,1,Tuesday,1,0
6973832e0432e13762fcf7d0,2026-01-06 23:00:00,5,261.56,362.71,23.02,26.66,1848.16,4.18,35.29,250,Faisalabad,31.4504,73.135,23,6,1,Tuesday,1,0
6973832e0432e13762fcf7d1,2026-01-07 00:00:00,5,265.12,366.49,21.02,22.81,1823.61,2.63,20.82,250,Faisalabad,31.4504,73.135,0,7,2,Wednesday,1,0
6973832f0432e13762fcf7d2,2026-01-07 01:00:00,5,264.84,364.63,19.5,19.21,1791.08,1.65,11.32,250,Faisalabad,31.4504,73.135,1,7,2,Wednesday,1,0
6973832f0432e13762fcf7d3,2026-01-07 02:00:00,5,268.95,359.62,20.2,17.01,1838.81,1.66,8.91,250,Faisalabad,31.4504,73.135,2,7,2,Wednesday,1,0
6973832f0432e13762fcf7d4,2026-01-07 03:00:00,5,274.58,355.19,22.71,18.15,1937.88,1.92,8.38,250,Faisalabad,31.4504,73.135,3,7,2,Wednesday,1,0
6973832f0432e13762fcf7d5,2026-01-07 04:00:00,5,260.06,329.1,21.56,28.64,1871.44,2.05,7.57,250,Faisalabad,31.4504,73.135,4,7,2,Wednesday,1,0
697383300432e13762fcf7d6,2026-01-07 05:00:00,5,246.85,308.88,18.32,37.66,1805.09,2.08,6.91,250,Faisalabad,31.4504,73.135,5,7,2,Wednesday,1,0
697383300432e13762fcf7d7,2026-01-07 06:00:00,5,243.61,308.04,15.82,49.68,1791.25,2.03,6.44,250,Faisalabad,31.4504,73.135,6,7,2,Wednesday,1,0
697383300432e13762fcf7d8,2026-01-07 07:00:00,5,211.35,283.2,10.19,85.7,1433.72,2.37,5.4,250,Faisalabad,31.4504,73.135,7,7,2,Wednesday,1,0
697383310432e13762fcf7d9,2026-01-07 08:00:00,5,206.44,277.75,7.24,106.99,1301.28,2.52,6.25,250,Faisalabad,31.4504,73.135,8,7,2,Wednesday,1,0
697383310432e13762fcf7da,2026-01-07 09:00:00,5,210.91,281.42,5.65,123.4,1261.09,2.72,7.43,250,Faisalabad,31.4504,73.135,9,7,2,Wednesday,1,0
697383310432e13762fcf7db,2026-01-07 10:00:00,5,223.99,294.88,6.34,121.77,1303.98,2.92,10.48,250,Faisalabad,31.4504,73.135,10,7,2,Wednesday,1,0
697383310432e13762fcf7dc,2026-01-07 11:00:00,5,243.08,315.02,9.8,105.2,1425.42,3.08,15.32,250,Faisalabad,31.4504,73.135,11,7,2,Wednesday,1,0
697383320432e13762fcf7dd,2026-01-07 12:00:00,5,258.19,332.21,15.61,90.7,1567.24,3.7,21.79,250,Faisalabad,31.4504,73.135,12,7,2,Wednesday,1,0
697383320432e13762fcf7de,2026-01-07 13:00:00,5,273.05,350.44,21.23,77.02,1723.29,4.56,28.65,250,Faisalabad,31.4504,73.135,13,7,2,Wednesday,1,0
697383320432e13762fcf7df,2026-01-07 14:00:00,5,290.33,372.09,24.01,62.7,1870.49,4.59,28.25,250,Faisalabad,31.4504,73.135,14,7,2,Wednesday,1,0
697383320432e13762fcf7e0,2026-01-07 15:00:00,5,306.93,392.57,24.56,51.26,1983.81,4.11,21.71,250,Faisalabad,31.4504,73.135,15,7,2,Wednesday,1,0
697383330432e13762fcf7e1,2026-01-07 16:00:00,5,315.3,401.75,23.46,42.75,2022.84,3.41,14.58,250,Faisalabad,31.4504,73.135,16,7,2,Wednesday,1,0
697383330432e13762fcf7e2,2026-01-07 17:00:00,5,325.41,414.38,22.63,37.54,2069.1,3.2,12.24,250,Faisalabad,31.4504,73.135,17,7,2,Wednesday,1,0
697383330432e13762fcf7e3,2026-01-07 18:00:00,5,333.78,424.71,21.95,34.57,2087.56,2.98,11.34,250,Faisalabad,31.4504,73.135,18,7,2,Wednesday,1,0
697383330432e13762fcf7e4,2026-01-07 19:00:00,5,335.61,424.81,20.48,33.37,2040.7,2.51,10.73,250,Faisalabad,31.4504,73.135,19,7,2,Wednesday,1,0
697383340432e13762fcf7e5,2026-01-07 20:00:00,5,340.91,427.86,19.29,33.28,2012.52,2.2,10.99,250,Faisalabad,31.4504,73.135,20,7,2,Wednesday,1,0
697383340432e13762fcf7e6,2026-01-07 21:00:00,5,349.14,434.07,18.74,32.86,2021.31,2.05,12.07,250,Faisalabad,31.4504,73.135,21,7,2,Wednesday,1,0
697383340432e13762fcf7e7,2026-01-07 22:00:00,5,354.7,437.7,18.13,32.02,2020.76,1.89,12.94,250,Faisalabad,31.4504,73.135,22,7,2,Wednesday,1,0
697383340432e13762fcf7e8,2026-01-07 23:00:00,5,360.99,442.78,17.42,30.5,2022.76,1.66,12.32,250,Faisalabad,31.4504,73.135,23,7,2,Wednesday,1,0
697383350432e13762fcf7e9,2026-01-08 00:00:00,5,366.82,447.43,16.87,28.28,2032.21,1.48,11.11,250,Faisalabad,31.4504,73.135,0,8,3,Thursday,1,0
697383350432e13762fcf7ea,2026-01-08 01:00:00,5,372.66,452.23,16.88,25.21,2057.04,1.42,9.49,250,Faisalabad,31.4504,73.135,1,8,3,Thursday,1,0
697383350432e13762fcf7eb,2026-01-08 02:00:00,5,387.12,461.93,19.08,21.56,2179.99,1.82,8.65,250,Faisalabad,31.4504,73.135,2,8,3,Thursday,1,0
697383350432e13762fcf7ec,2026-01-08 03:00:00,5,402.77,466.39,22.57,18.92,2341.43,2.29,8.05,250,Faisalabad,31.4504,73.135,3,8,3,Thursday,1,0
697383360432e13762fcf7ed,2026-01-08 04:00:00,5,393.41,446.23,21.69,23.92,2328.49,2.77,7.33,250,Faisalabad,31.4504,73.135,4,8,3,Thursday,1,0
697383360432e13762fcf7ee,2026-01-08 05:00:00,5,380.33,433.46,17.28,37.38,2254.25,3.24,6.86,250,Faisalabad,31.4504,73.135,5,8,3,Thursday,1,0
697383360432e13762fcf7ef,2026-01-08 06:00:00,5,379.64,436.55,13.93,65.74,2203.1,4.01,6.77,250,Faisalabad,31.4504,73.135,6,8,3,Thursday,1,0
697383370432e13762fcf7f0,2026-01-08 07:00:00,5,315.83,376.01,7.07,128.65,1613.19,14.84,2.71,250,Faisalabad,31.4504,73.135,7,8,3,Thursday,1,0
697383370432e13762fcf7f1,2026-01-08 08:00:00,5,304.9,364.49,4.79,148.64,1483.59,15.38,3.33,250,Faisalabad,31.4504,73.135,8,8,3,Thursday,1,0
697383370432e13762fcf7f2,2026-01-08 09:00:00,5,294.01,352.3,3.84,157.04,1404.77,14.85,3.86,250,Faisalabad,31.4504,73.135,9,8,3,Thursday,1,0
697383370432e13762fcf7f3,2026-01-08 10:00:00,5,295.54,353.38,5.08,150.52,1412.07,13.64,6.64,250,Faisalabad,31.4504,73.135,10,8,3,Thursday,1,0
697383380432e13762fcf7f4,2026-01-08 11:00:00,5,312.29,372.1,9.14,142.03,1526.54,12.97,13.97,250,Faisalabad,31.4504,73.135,11,8,3,Thursday,1,0
697383380432e13762fcf7f5,2026-01-08 12:00:00,5,324.5,387.02,14.95,137.25,1661.29,14.28,22.91,250,Faisalabad,31.4504,73.135,12,8,3,Thursday,1,0
697383380432e13762fcf7f6,2026-01-08 13:00:00,5,338.04,404.07,20.41,132.46,1833.43,16.1,33.38,250,Faisalabad,31.4504,73.135,13,8,3,Thursday,1,0
697383380432e13762fcf7f7,2026-01-08 14:00:00,5,357.55,428.86,24.58,126.37,2029.76,17.66,44.37,250,Faisalabad,31.4504,73.135,14,8,3,Thursday,1,0
697383390432e13762fcf7f8,2026-01-08 15:00:00,5,378.25,455.47,27.02,120.21,2217.58,18.86,55.01,250,Faisalabad,31.4504,73.135,15,8,3,Thursday,1,0
697383390432e13762fcf7f9,2026-01-08 16:00:00,5,389.2,469.81,27.5,111.74,2320.71,18.83,62.31,250,Faisalabad,31.4504,73.135,16,8,3,Thursday,1,0
697383390432e13762fcf7fa,2026-01-08 17:00:00,5,401.75,485.26,27.43,102.82,2405.77,18.08,66.79,250,Faisalabad,31.4504,73.135,17,8,3,Thursday,1,0
697383390432e13762fcf7fb,2026-01-08 18:00:00,5,409.11,492.77,26.26,90.91,2432.21,15.3,62.43,250,Faisalabad,31.4504,73.135,18,8,3,Thursday,1,0
6973833a0432e13762fcf7fc,2026-01-08 19:00:00,5,400.28,476.58,22.73,72.31,2334.67,6.8,22.29,250,Faisalabad,31.4504,73.135,19,8,3,Thursday,1,0
6973833a0432e13762fcf7fd,2026-01-08 20:00:00,5,390.4,460.64,19.91,59.49,2240.28,3.3,10.94,250,Faisalabad,31.4504,73.135,20,8,3,Thursday,1,0
6973833a0432e13762fcf7fe,2026-01-08 21:00:00,5,380.64,446.63,17.97,50.86,2157.48,2.01,8.26,250,Faisalabad,31.4504,73.135,21,8,3,Thursday,1,0
6973833b0432e13762fcf7ff,2026-01-08 22:00:00,5,370.09,431.98,16.58,44.07,2077.35,1.43,7.14,250,Faisalabad,31.4504,73.135,22,8,3,Thursday,1,0
6973833b0432e13762fcf800,2026-01-08 23:00:00,5,361.4,414.96,15.84,38.78,2020.8,1.18,6.58,250,Faisalabad,31.4504,73.135,23,8,3,Thursday,1,0
6973833b0432e13762fcf801,2026-01-09 00:00:00,5,351.96,399.43,15.58,34.33,1964.07,1.09,6.28,250,Faisalabad,31.4504,73.135,0,9,4,Friday,1,0
6973833b0432e13762fcf802,2026-01-09 01:00:00,5,340.61,382.37,15.78,30.5,1922.45,1.18,6.07,250,Faisalabad,31.4504,73.135,1,9,4,Friday,1,0
6973833c0432e13762fcf803,2026-01-09 02:00:00,5,335.9,377.32,17.89,26.98,1967.99,1.8,6.67,250,Faisalabad,31.4504,73.135,2,9,4,Friday,1,0
6973833c0432e13762fcf804,2026-01-09 03:00:00,5,332.4,380.38,21.08,25.88,2043.74,2.7,7.11,250,Faisalabad,31.4504,73.135,3,9,4,Friday,1,0
6973833c0432e13762fcf805,2026-01-09 04:00:00,5,291.97,341.63,18.92,42.49,1831.06,5.08,5.61,250,Faisalabad,31.4504,73.135,4,9,4,Friday,1,0
6973833d0432e13762fcf806,2026-01-09 05:00:00,5,273.44,320.71,17.99,45.15,1797.68,4.64,5.63,250,Faisalabad,31.4504,73.135,5,9,4,Friday,1,0
6973833d0432e13762fcf807,2026-01-09 06:00:00,5,253.64,296.98,15.73,51.45,1761.56,4.05,5.12,250,Faisalabad,31.4504,73.135,6,9,4,Friday,1,0
6973833d0432e13762fcf808,2026-01-09 07:00:00,5,164.15,197.67,6.83,102.2,1030.07,7.85,1.18,250,Faisalabad,31.4504,73.135,7,9,4,Friday,1,0
6973833e0432e13762fcf809,2026-01-09 08:00:00,5,151.36,182.57,4.82,116.54,911.94,6.92,1.96,250,Faisalabad,31.4504,73.135,8,9,4,Friday,1,0
6973833e0432e13762fcf80a,2026-01-09 09:00:00,5,149.52,179.21,3.86,125.29,891.66,5.71,3.15,250,Faisalabad,31.4504,73.135,9,9,4,Friday,1,0
6973833e0432e13762fcf80b,2026-01-09 10:00:00,5,149.55,178.7,4.34,121.5,903.73,4.32,5.78,250,Faisalabad,31.4504,73.135,10,9,4,Friday,1,0
6973833e0432e13762fcf80c,2026-01-09 11:00:00,5,160.18,191.23,7.08,105.64,1009.31,3.37,9.44,250,Faisalabad,31.4504,73.135,11,9,4,Friday,1,0
6973833f0432e13762fcf80d,2026-01-09 12:00:00,5,172.08,205.78,11.37,90.3,1145.67,2.97,11.35,250,Faisalabad,31.4504,73.135,12,9,4,Friday,1,0
6973833f0432e13762fcf80e,2026-01-09 13:00:00,5,188.77,226.36,15.89,75.8,1327.13,2.89,11.99,250,Faisalabad,31.4504,73.135,13,9,4,Friday,1,0
6973833f0432e13762fcf80f,2026-01-09 14:00:00,5,213.94,257.35,19.96,61.61,1562.42,2.9,11.32,250,Faisalabad,31.4504,73.135,14,9,4,Friday,1,0
6973833f0432e13762fcf810,2026-01-09 15:00:00,5,242.93,292.65,23.06,49.59,1810.09,2.87,10.11,250,Faisalabad,31.4504,73.135,15,9,4,Friday,1,0
697383400432e13762fcf811,2026-01-09 16:00:00,5,266.15,320.29,24.91,39.32,1999.83,2.71,9.6,250,Faisalabad,31.4504,73.135,16,9,4,Friday,1,0
697383400432e13762fcf812,2026-01-09 17:00:00,5,289.33,348.41,26.94,31.44,2188.32,2.86,11.14,250,Faisalabad,31.4504,73.135,17,9,4,Friday,1,0
697383400432e13762fcf813,2026-01-09 18:00:00,5,308.77,371.42,28.8,24.99,2338.93,2.99,13.41,250,Faisalabad,31.4504,73.135,18,9,4,Friday,1,0
697383400432e13762fcf814,2026-01-09 19:00:00,5,317.37,379.86,29.5,20.76,2388.17,2.97,16.69,250,Faisalabad,31.4504,73.135,19,9,4,Friday,1,0
697383410432e13762fcf815,2026-01-09 20:00:00,5,323.86,384.27,29.74,18.94,2413.07,3.15,21.73,250,Faisalabad,31.4504,73.135,20,9,4,Friday,1,0
697383410432e13762fcf816,2026-01-09 21:00:00,5,329.57,383.28,30.14,17.98,2438.04,3.53,27.93,250,Faisalabad,31.4504,73.135,21,9,4,Friday,1,0
697383410432e13762fcf817,2026-01-09 22:00:00,5,334.24,377.6,30.65,17.56,2457.29,4.07,35.42,250,Faisalabad,31.4504,73.135,22,9,4,Friday,1,0
697383420432e13762fcf818,2026-01-09 23:00:00,5,339.48,376.78,31.06,17.39,2476.81,4.58,43.01,250,Faisalabad,31.4504,73.135,23,9,4,Friday,1,0
697383420432e13762fcf819,2026-01-10 00:00:00,5,341.59,372.1,30.73,17.0,2478.33,4.93,49.02,250,Faisalabad,31.4504,73.135,0,10,5,Saturday,1,1
697383420432e13762fcf81a,2026-01-10 01:00:00,5,338.69,363.66,29.82,16.11,2474.37,4.84,49.18,250,Faisalabad,31.4504,73.135,1,10,5,Saturday,1,1
697383420432e13762fcf81b,2026-01-10 02:00:00,5,341.58,365.88,30.05,15.17,2516.24,4.87,44.88,250,Faisalabad,31.4504,73.135,2,10,5,Saturday,1,1
697383430432e13762fcf81c,2026-01-10 03:00:00,5,346.28,372.65,30.97,16.67,2576.43,4.62,36.39,250,Faisalabad,31.4504,73.135,3,10,5,Saturday,1,1
697383430432e13762fcf81d,2026-01-10 04:00:00,5,327.29,352.9,25.41,34.83,2393.7,3.6,14.61,250,Faisalabad,31.4504,73.135,4,10,5,Saturday,1,1
697383430432e13762fcf81e,2026-01-10 05:00:00,5,314.02,339.53,22.31,39.12,2335.0,2.91,9.36,250,Faisalabad,31.4504,73.135,5,10,5,Saturday,1,1
697383440432e13762fcf81f,2026-01-10 06:00:00,5,306.66,334.05,19.27,45.78,2312.66,2.53,7.15,250,Faisalabad,31.4504,73.135,6,10,5,Saturday,1,1
697383440432e13762fcf820,2026-01-10 07:00:00,5,290.32,322.2,11.53,83.27,1998.2,3.68,4.59,250,Faisalabad,31.4504,73.135,7,10,5,Saturday,1,1
697383440432e13762fcf821,2026-01-10 08:00:00,5,288.75,321.68,7.67,105.52,1866.5,3.49,4.8,250,Faisalabad,31.4504,73.135,8,10,5,Saturday,1,1
697383440432e13762fcf822,2026-01-10 09:00:00,5,290.95,324.5,5.59,122.04,1793.52,3.18,5.62,250,Faisalabad,31.4504,73.135,9,10,5,Saturday,1,1
697383450432e13762fcf823,2026-01-10 10:00:00,5,298.46,334.03,5.31,124.28,1755.23,2.98,7.73,250,Faisalabad,31.4504,73.135,10,10,5,Saturday,1,1
697383450432e13762fcf824,2026-01-10 11:00:00,5,306.77,344.45,7.59,109.98,1783.08,2.8,11.96,250,Faisalabad,31.4504,73.135,11,10,5,Saturday,1,1
697383450432e13762fcf825,2026-01-10 12:00:00,5,312.43,352.32,11.47,100.85,1840.13,3.32,17.82,250,Faisalabad,31.4504,73.135,12,10,5,Saturday,1,1
697383460432e13762fcf826,2026-01-10 13:00:00,5,322.21,365.36,15.72,97.12,1938.63,4.43,26.05,250,Faisalabad,31.4504,73.135,13,10,5,Saturday,1,1
697383460432e13762fcf827,2026-01-10 14:00:00,5,338.93,386.51,19.25,93.31,2074.92,5.68,34.77,250,Faisalabad,31.4504,73.135,14,10,5,Saturday,1,1
697383460432e13762fcf828,2026-01-10 15:00:00,5,356.44,408.66,21.78,89.0,2209.2,6.9,43.51,250,Faisalabad,31.4504,73.135,15,10,5,Saturday,1,1
697383460432e13762fcf829,2026-01-10 16:00:00,5,367.61,423.08,22.97,84.4,2296.65,7.8,50.87,250,Faisalabad,31.4504,73.135,16,10,5,Saturday,1,1
697383470432e13762fcf82a,2026-01-10 17:00:00,5,381.01,439.68,23.65,81.06,2384.15,8.56,57.61,250,Faisalabad,31.4504,73.135,17,10,5,Saturday,1,1
697383470432e13762fcf82b,2026-01-10 18:00:00,5,391.84,452.23,23.6,78.01,2445.39,8.93,62.6,250,Faisalabad,31.4504,73.135,18,10,5,Saturday,1,1
697383470432e13762fcf82c,2026-01-10 19:00:00,5,390.38,449.34,22.14,75.59,2400.03,8.74,65.56,250,Faisalabad,31.4504,73.135,19,10,5,Saturday,1,1
697383480432e13762fcf82d,2026-01-10 20:00:00,5,389.64,447.55,20.55,74.47,2355.0,8.5,68.69,250,Faisalabad,31.4504,73.135,20,10,5,Saturday,1,1
697383480432e13762fcf82e,2026-01-10 21:00:00,5,391.04,447.92,19.33,70.84,2330.77,7.98,68.94,250,Faisalabad,31.4504,73.135,21,10,5,Saturday,1,1
697383480432e13762fcf82f,2026-01-10 22:00:00,5,393.14,446.3,18.53,64.01,2319.37,6.73,60.76,250,Faisalabad,31.4504,73.135,22,10,5,Saturday,1,1
697383490432e13762fcf830,2026-01-10 23:00:00,5,395.1,443.97,18.07,57.91,2314.83,5.83,54.73,250,Faisalabad,31.4504,73.135,23,10,5,Saturday,1,1
697383490432e13762fcf831,2026-01-11 00:00:00,5,393.76,433.95,17.56,52.75,2295.23,5.12,49.7,250,Faisalabad,31.4504,73.135,0,11,6,Sunday,1,1
697383490432e13762fcf832,2026-01-11 01:00:00,5,390.86,423.88,17.07,48.17,2261.26,4.27,41.24,250,Faisalabad,31.4504,73.135,1,11,6,Sunday,1,1
697383490432e13762fcf833,2026-01-11 02:00:00,5,397.23,428.74,18.34,45.63,2315.56,3.49,28.87,250,Faisalabad,31.4504,73.135,2,11,6,Sunday,1,1
6973834a0432e13762fcf834,2026-01-11 03:00:00,5,407.91,440.75,21.31,45.9,2428.19,2.99,19.39,250,Faisalabad,31.4504,73.135,3,11,6,Sunday,1,1
6973834a0432e13762fcf835,2026-01-11 04:00:00,5,391.42,425.33,21.43,51.7,2371.68,2.67,12.84,250,Faisalabad,31.4504,73.135,4,11,6,Sunday,1,1
6973834a0432e13762fcf836,2026-01-11 05:00:00,5,369.72,401.52,19.0,57.11,2286.44,2.45,9.72,250,Faisalabad,31.4504,73.135,5,11,6,Sunday,1,1
6973834b0432e13762fcf837,2026-01-11 06:00:00,5,350.53,383.34,15.92,66.63,2235.18,2.29,7.99,250,Faisalabad,31.4504,73.135,6,11,6,Sunday,1,1
6973834b0432e13762fcf838,2026-01-11 07:00:00,5,318.57,355.88,9.24,107.94,1876.15,3.82,4.72,250,Faisalabad,31.4504,73.135,7,11,6,Sunday,1,1
6973834b0432e13762fcf839,2026-01-11 08:00:00,5,301.85,339.68,5.72,131.69,1653.09,4.35,4.16,250,Faisalabad,31.4504,73.135,8,11,6,Sunday,1,1
6973834b0432e13762fcf83a,2026-01-11 09:00:00,5,295.38,333.47,4.13,145.85,1547.8,4.76,4.59,250,Faisalabad,31.4504,73.135,9,11,6,Sunday,1,1
6973834c0432e13762fcf83b,2026-01-11 10:00:00,5,300.01,338.56,4.4,144.97,1512.47,4.93,6.8,250,Faisalabad,31.4504,73.135,10,11,6,Sunday,1,1
6973834c0432e13762fcf83c,2026-01-11 11:00:00,5,307.62,347.02,6.95,137.13,1543.1,5.12,12.56,250,Faisalabad,31.4504,73.135,11,11,6,Sunday,1,1
6973834c0432e13762fcf83d,2026-01-11 12:00:00,5,312.04,352.78,11.23,133.98,1598.58,6.11,20.09,250,Faisalabad,31.4504,73.135,12,11,6,Sunday,1,1
6973834c0432e13762fcf83e,2026-01-11 13:00:00,5,319.7,362.5,15.29,130.44,1695.02,7.4,28.49,250,Faisalabad,31.4504,73.135,13,11,6,Sunday,1,1
6973834d0432e13762fcf83f,2026-01-11 14:00:00,5,332.91,379.09,18.09,124.82,1809.57,8.5,35.53,250,Faisalabad,31.4504,73.135,14,11,6,Sunday,1,1
6973834d0432e13762fcf840,2026-01-11 15:00:00,5,345.11,394.83,19.73,119.08,1910.1,9.21,40.08,250,Faisalabad,31.4504,73.135,15,11,6,Sunday,1,1
6973834d0432e13762fcf841,2026-01-11 16:00:00,5,349.61,401.27,19.91,112.86,1945.47,9.27,41.63,250,Faisalabad,31.4504,73.135,16,11,6,Sunday,1,1
6973834e0432e13762fcf842,2026-01-11 17:00:00,5,354.33,408.24,19.72,107.04,1972.91,9.27,44.19,250,Faisalabad,31.4504,73.135,17,11,6,Sunday,1,1
6973834e0432e13762fcf843,2026-01-11 18:00:00,5,355.27,410.34,19.07,98.4,1969.24,8.4,43.3,250,Faisalabad,31.4504,73.135,18,11,6,Sunday,1,1
6973834e0432e13762fcf844,2026-01-11 19:00:00,5,346.19,398.89,17.38,83.23,1889.06,4.16,17.95,250,Faisalabad,31.4504,73.135,19,11,6,Sunday,1,1
6973834f0432e13762fcf845,2026-01-11 20:00:00,5,338.29,389.92,16.19,72.53,1821.54,2.25,10.05,250,Faisalabad,31.4504,73.135,20,11,6,Sunday,1,1
6973834f0432e13762fcf846,2026-01-11 21:00:00,5,330.9,382.75,15.22,65.07,1761.18,1.53,7.72,250,Faisalabad,31.4504,73.135,21,11,6,Sunday,1,1
6973834f0432e13762fcf847,2026-01-11 22:00:00,5,320.63,373.16,14.27,58.86,1687.45,1.13,6.58,250,Faisalabad,31.4504,73.135,22,11,6,Sunday,1,1
697383500432e13762fcf848,2026-01-11 23:00:00,5,312.55,367.3,13.64,54.45,1630.47,0.93,6.35,250,Faisalabad,31.4504,73.135,23,11,6,Sunday,1,1
697383500432e13762fcf849,2026-01-12 00:00:00,5,305.47,363.45,13.39,51.08,1583.9,0.85,6.56,250,Faisalabad,31.4504,73.135,0,12,0,Monday,1,0
697383500432e13762fcf84a,2026-01-12 01:00:00,5,301.79,362.98,13.66,47.7,1560.9,0.87,6.34,250,Faisalabad,31.4504,73.135,1,12,0,Monday,1,0
697383510432e13762fcf84b,2026-01-12 02:00:00,5,304.62,369.88,15.74,43.77,1618.88,1.2,5.64,250,Faisalabad,31.4504,73.135,2,12,0,Monday,1,0
697383510432e13762fcf84c,2026-01-12 03:00:00,5,309.32,378.31,18.96,41.44,1708.87,1.48,4.92,250,Faisalabad,31.4504,73.135,3,12,0,Monday,1,0
697383510432e13762fcf84d,2026-01-12 04:00:00,5,301.3,371.58,18.42,49.9,1703.24,1.62,4.37,250,Faisalabad,31.4504,73.135,4,12,0,Monday,1,0
697383520432e13762fcf84e,2026-01-12 05:00:00,5,297.48,370.09,15.7,61.7,1710.4,1.82,6.82,250,Faisalabad,31.4504,73.135,5,12,0,Monday,1,0
697383520432e13762fcf84f,2026-01-12 06:00:00,5,299.07,375.8,13.24,83.9,1680.14,2.03,9.91,250,Faisalabad,31.4504,73.135,6,12,0,Monday,1,0
697383530432e13762fcf850,2026-01-12 07:00:00,5,189.02,259.7,4.11,147.71,878.94,3.05,2.79,250,Faisalabad,31.4504,73.135,7,12,0,Monday,1,0
697383530432e13762fcf851,2026-01-12 08:00:00,5,165.77,232.07,2.7,154.48,762.57,3.0,3.22,250,Faisalabad,31.4504,73.135,8,12,0,Monday,1,0
697383540432e13762fcf852,2026-01-12 09:00:00,5,152.32,214.61,2.37,155.24,716.45,2.86,4.11,250,Faisalabad,31.4504,73.135,9,12,0,Monday,1,0
697383540432e13762fcf853,2026-01-12 10:00:00,5,152.88,213.41,3.96,141.05,756.19,2.85,7.66,250,Faisalabad,31.4504,73.135,10,12,0,Monday,1,0
697383550432e13762fcf854,2026-01-12 11:00:00,5,165.21,227.24,7.8,126.2,877.97,3.3,14.19,250,Faisalabad,31.4504,73.135,11,12,0,Monday,1,0
697383550432e13762fcf855,2026-01-12 12:00:00,5,175.32,238.87,13.42,119.05,1008.63,4.23,21.89,250,Faisalabad,31.4504,73.135,12,12,0,Monday,1,0
697383550432e13762fcf856,2026-01-12 13:00:00,5,187.14,251.99,18.71,113.61,1160.18,5.58,30.67,250,Faisalabad,31.4504,73.135,13,12,0,Monday,1,0
697383560432e13762fcf857,2026-01-12 14:00:00,5,204.47,271.66,22.28,105.62,1331.53,6.83,37.8,250,Faisalabad,31.4504,73.135,14,12,0,Monday,1,0
697383560432e13762fcf858,2026-01-12 15:00:00,5,223.58,293.67,24.45,94.4,1500.12,7.52,41.2,250,Faisalabad,31.4504,73.135,15,12,0,Monday,1,0
697383560432e13762fcf859,2026-01-12 16:00:00,5,237.5,307.91,25.04,79.66,1612.59,6.68,35.17,250,Faisalabad,31.4504,73.135,16,12,0,Monday,1,0
697383570432e13762fcf85a,2026-01-12 17:00:00,5,252.6,322.55,25.65,66.48,1725.8,5.31,25.18,250,Faisalabad,31.4504,73.135,17,12,0,Monday,1,0
697383570432e13762fcf85b,2026-01-12 18:00:00,5,265.01,332.19,25.67,55.33,1798.03,3.89,16.03,250,Faisalabad,31.4504,73.135,18,12,0,Monday,1,0
697383570432e13762fcf85c,2026-01-12 19:00:00,5,268.11,328.63,24.13,46.53,1775.89,2.5,9.92,250,Faisalabad,31.4504,73.135,19,12,0,Monday,1,0
697383570432e13762fcf85d,2026-01-12 20:00:00,5,271.59,325.8,22.46,40.95,1751.34,1.76,7.44,250,Faisalabad,31.4504,73.135,20,12,0,Monday,1,0
697383580432e13762fcf85e,2026-01-12 21:00:00,5,277.16,326.07,21.22,36.82,1749.13,1.4,6.3,250,Faisalabad,31.4504,73.135,21,12,0,Monday,1,0
697383580432e13762fcf85f,2026-01-12 22:00:00,5,281.99,326.24,20.35,33.56,1756.81,1.24,6.24,250,Faisalabad,31.4504,73.135,22,12,0,Monday,1,0
697383580432e13762fcf860,2026-01-12 23:00:00,5,289.67,330.75,20.11,31.39,1796.99,1.27,7.47,250,Faisalabad,31.4504,73.135,23,12,0,Monday,1,0
697383580432e13762fcf861,2026-01-13 00:00:00,5,297.92,336.59,20.39,29.79,1849.32,1.4,9.66,250,Faisalabad,31.4504,73.135,0,13,1,Tuesday,1,0
697383590432e13762fcf862,2026-01-13 01:00:00,5,307.19,344.05,21.07,28.02,1914.07,1.63,11.45,250,Faisalabad,31.4504,73.135,1,13,1,Tuesday,1,0
697383590432e13762fcf863,2026-01-13 02:00:00,5,322.2,359.68,23.37,24.91,2053.24,1.89,9.87,250,Faisalabad,31.4504,73.135,2,13,1,Tuesday,1,0
697383590432e13762fcf864,2026-01-13 03:00:00,5,338.12,376.71,26.55,23.25,2211.03,2.01,7.49,250,Faisalabad,31.4504,73.135,3,13,1,Tuesday,1,0
697383590432e13762fcf865,2026-01-13 04:00:00,5,337.33,374.18,23.26,36.03,2217.56,2.02,5.19,250,Faisalabad,31.4504,73.135,4,13,1,Tuesday,1,0
6973835a0432e13762fcf866,2026-01-13 05:00:00,5,337.0,373.04,18.71,57.08,2193.58,2.16,5.61,250,Faisalabad,31.4504,73.135,5,13,1,Tuesday,1,0
6973835a0432e13762fcf867,2026-01-13 06:00:00,5,346.61,382.0,15.4,92.64,2154.86,2.35,7.73,250,Faisalabad,31.4504,73.135,6,13,1,Tuesday,1,0
6973835a0432e13762fcf868,2026-01-13 07:00:00,5,214.86,234.97,5.71,148.52,1134.65,5.37,2.55,250,Faisalabad,31.4504,73.135,7,13,1,Tuesday,1,0
6973835b0432e13762fcf869,2026-01-13 08:00:00,5,187.7,205.3,3.35,158.83,919.96,5.58,2.48,250,Faisalabad,31.4504,73.135,8,13,1,Tuesday,1,0
6973835b0432e13762fcf86a,2026-01-13 09:00:00,5,182.19,199.37,2.75,162.49,870.76,5.23,3.21,250,Faisalabad,31.4504,73.135,9,13,1,Tuesday,1,0
6973835b0432e13762fcf86b,2026-01-13 10:00:00,5,188.98,208.42,4.25,149.67,922.11,4.72,7.03,250,Faisalabad,31.4504,73.135,10,13,1,Tuesday,1,0
6973835b0432e13762fcf86c,2026-01-13 11:00:00,5,203.74,227.41,7.99,138.16,1046.91,5.01,14.35,250,Faisalabad,31.4504,73.135,11,13,1,Tuesday,1,0
6973835c0432e13762fcf86d,2026-01-13 12:00:00,5,214.84,242.54,13.59,133.54,1180.48,6.07,23.17,250,Faisalabad,31.4504,73.135,12,13,1,Tuesday,1,0
6973835c0432e13762fcf86e,2026-01-13 13:00:00,5,226.44,258.6,18.78,127.55,1334.19,7.45,33.05,250,Faisalabad,31.4504,73.135,13,13,1,Tuesday,1,0
6973835c0432e13762fcf86f,2026-01-13 14:00:00,5,243.18,280.87,22.25,120.45,1506.15,8.83,41.88,250,Faisalabad,31.4504,73.135,14,13,1,Tuesday,1,0
6973835d0432e13762fcf870,2026-01-13 15:00:00,5,261.98,305.19,24.32,113.9,1670.74,9.98,48.26,250,Faisalabad,31.4504,73.135,15,13,1,Tuesday,1,0
6973835d0432e13762fcf871,2026-01-13 16:00:00,5,275.25,321.34,24.72,106.65,1779.24,10.45,50.68,250,Faisalabad,31.4504,73.135,16,13,1,Tuesday,1,0
6973835d0432e13762fcf872,2026-01-13 17:00:00,5,290.08,338.58,24.99,101.63,1886.77,10.89,53.29,250,Faisalabad,31.4504,73.135,17,13,1,Tuesday,1,0
6973835d0432e13762fcf873,2026-01-13 18:00:00,5,303.21,352.39,25.02,96.98,1963.8,11.1,56.06,250,Faisalabad,31.4504,73.135,18,13,1,Tuesday,1,0
6973835e0432e13762fcf874,2026-01-13 19:00:00,5,309.3,356.35,23.69,92.1,1955.32,10.61,57.67,250,Faisalabad,31.4504,73.135,19,13,1,Tuesday,1,0
6973835e0432e13762fcf875,2026-01-13 20:00:00,5,316.99,362.22,22.05,87.4,1940.81,10.0,58.56,250,Faisalabad,31.4504,73.135,20,13,1,Tuesday,1,0
6973835e0432e13762fcf876,2026-01-13 21:00:00,5,325.33,369.41,20.56,81.04,1938.1,9.05,56.31,250,Faisalabad,31.4504,73.135,21,13,1,Tuesday,1,0
6973835f0432e13762fcf877,2026-01-13 22:00:00,5,329.72,372.65,19.13,72.76,1919.29,7.14,46.25,250,Faisalabad,31.4504,73.135,22,13,1,Tuesday,1,0
6973835f0432e13762fcf878,2026-01-13 23:00:00,5,334.98,377.45,18.15,65.94,1908.2,5.42,35.67,250,Faisalabad,31.4504,73.135,23,13,1,Tuesday,1,0
6973835f0432e13762fcf879,2026-01-14 00:00:00,5,339.24,381.95,17.49,60.38,1894.09,4.07,26.84,250,Faisalabad,31.4504,73.135,0,14,2,Wednesday,1,0
6973835f0432e13762fcf87a,2026-01-14 01:00:00,5,341.86,385.19,17.09,54.53,1872.83,2.92,17.75,250,Faisalabad,31.4504,73.135,1,14,2,Wednesday,1,0
697383600432e13762fcf87b,2026-01-14 02:00:00,5,347.84,393.63,18.23,46.83,1913.3,2.27,10.38,250,Faisalabad,31.4504,73.135,2,14,2,Wednesday,1,0
697383600432e13762fcf87c,2026-01-14 03:00:00,5,355.12,403.87,20.59,39.51,1986.9,1.98,6.71,250,Faisalabad,31.4504,73.135,3,14,2,Wednesday,1,0
697383600432e13762fcf87d,2026-01-14 04:00:00,5,355.18,406.08,19.54,42.55,2023.39,1.9,4.65,250,Faisalabad,31.4504,73.135,4,14,2,Wednesday,1,0
697383610432e13762fcf87e,2026-01-14 05:00:00,5,356.46,412.87,16.63,57.97,2053.36,2.16,6.11,250,Faisalabad,31.4504,73.135,5,14,2,Wednesday,1,0
697383610432e13762fcf87f,2026-01-14 06:00:00,5,362.03,425.88,13.84,89.67,2019.35,2.55,9.54,250,Faisalabad,31.4504,73.135,6,14,2,Wednesday,1,0
697383610432e13762fcf880,2026-01-14 07:00:00,5,203.95,271.9,4.04,150.7,946.65,6.92,3.13,250,Faisalabad,31.4504,73.135,7,14,2,Wednesday,1,0
697383610432e13762fcf881,2026-01-14 08:00:00,5,180.94,251.8,2.6,155.95,797.13,6.53,3.53,250,Faisalabad,31.4504,73.135,8,14,2,Wednesday,1,0
697383620432e13762fcf882,2026-01-14 09:00:00,5,177.44,250.44,2.35,157.89,783.56,6.01,4.54,250,Faisalabad,31.4504,73.135,9,14,2,Wednesday,1,0
697383620432e13762fcf883,2026-01-14 10:00:00,5,181.37,255.68,4.16,141.09,850.65,5.25,8.17,250,Faisalabad,31.4504,73.135,10,14,2,Wednesday,1,0
697383620432e13762fcf884,2026-01-14 11:00:00,5,196.35,273.83,7.94,119.82,976.94,4.83,14.16,250,Faisalabad,31.4504,73.135,11,14,2,Wednesday,1,0
697383630432e13762fcf885,2026-01-14 12:00:00,5,208.71,290.8,13.73,109.45,1110.62,5.48,22.05,250,Faisalabad,31.4504,73.135,12,14,2,Wednesday,1,0
697383630432e13762fcf886,2026-01-14 13:00:00,5,221.08,307.86,19.3,100.03,1255.88,6.36,29.76,250,Faisalabad,31.4504,73.135,13,14,2,Wednesday,1,0
697383630432e13762fcf887,2026-01-14 14:00:00,5,238.04,330.83,22.25,85.12,1410.35,5.87,29.07,250,Faisalabad,31.4504,73.135,14,14,2,Wednesday,1,0
697383630432e13762fcf888,2026-01-14 15:00:00,5,255.34,353.68,23.97,71.49,1553.51,4.47,20.19,250,Faisalabad,31.4504,73.135,15,14,2,Wednesday,1,0
697383640432e13762fcf889,2026-01-14 16:00:00,5,262.43,362.34,24.26,60.11,1614.82,3.05,11.19,250,Faisalabad,31.4504,73.135,16,14,2,Wednesday,1,0
697383640432e13762fcf88a,2026-01-14 17:00:00,5,269.95,374.57,24.6,52.36,1676.74,2.5,9.1,250,Faisalabad,31.4504,73.135,17,14,2,Wednesday,1,0
697383640432e13762fcf88b,2026-01-14 18:00:00,5,273.92,383.09,24.36,46.03,1691.79,2.04,7.98,250,Faisalabad,31.4504,73.135,18,14,2,Wednesday,1,0
697383640432e13762fcf88c,2026-01-14 19:00:00,5,268.32,380.29,22.46,41.21,1613.95,1.42,6.88,250,Faisalabad,31.4504,73.135,19,14,2,Wednesday,1,0
697383650432e13762fcf88d,2026-01-14 20:00:00,5,263.18,377.92,20.57,38.05,1533.13,1.09,6.63,250,Faisalabad,31.4504,73.135,20,14,2,Wednesday,1,0
697383650432e13762fcf88e,2026-01-14 21:00:00,5,259.9,376.66,19.3,35.58,1478.77,0.99,6.92,250,Faisalabad,31.4504,73.135,21,14,2,Wednesday,1,0
697383660432e13762fcf88f,2026-01-14 22:00:00,5,258.34,376.71,18.67,33.2,1450.06,0.94,7.18,250,Faisalabad,31.4504,73.135,22,14,2,Wednesday,1,0
697383660432e13762fcf890,2026-01-14 23:00:00,5,259.19,378.53,18.46,30.89,1441.14,0.86,6.81,250,Faisalabad,31.4504,73.135,23,14,2,Wednesday,1,0
697383660432e13762fcf891,2026-01-15 00:00:00,5,261.08,379.88,18.57,28.56,1447.08,0.78,6.31,250,Faisalabad,31.4504,73.135,0,15,3,Thursday,1,0
697383660432e13762fcf892,2026-01-15 01:00:00,5,261.99,377.57,18.92,25.59,1467.78,0.79,5.67,250,Faisalabad,31.4504,73.135,1,15,3,Thursday,1,0
697383670432e13762fcf893,2026-01-15 02:00:00,5,268.82,383.33,20.5,21.76,1549.45,1.17,5.38,250,Faisalabad,31.4504,73.135,2,15,3,Thursday,1,0
697383670432e13762fcf894,2026-01-15 03:00:00,5,276.6,392.04,21.87,20.17,1654.94,1.52,4.98,250,Faisalabad,31.4504,73.135,3,15,3,Thursday,1,0
697383670432e13762fcf895,2026-01-15 04:00:00,5,276.38,392.01,18.13,28.38,1682.84,1.78,4.61,250,Faisalabad,31.4504,73.135,4,15,3,Thursday,1,0
697383670432e13762fcf896,2026-01-15 05:00:00,5,276.12,392.66,15.53,42.06,1685.11,2.16,6.51,250,Faisalabad,31.4504,73.135,5,15,3,Thursday,1,0
697383680432e13762fcf897,2026-01-15 06:00:00,5,280.49,403.48,13.82,69.46,1641.9,2.8,8.96,250,Faisalabad,31.4504,73.135,6,15,3,Thursday,1,0
697383680432e13762fcf898,2026-01-15 07:00:00,5,226.44,379.36,6.01,132.33,1026.85,5.86,4.73,250,Faisalabad,31.4504,73.135,7,15,3,Thursday,1,0
697383680432e13762fcf899,2026-01-15 08:00:00,5,217.53,376.37,3.59,148.28,860.99,5.98,4.47,250,Faisalabad,31.4504,73.135,8,15,3,Thursday,1,0
697383680432e13762fcf89a,2026-01-15 09:00:00,5,219.89,381.98,2.96,155.15,822.05,6.12,5.13,250,Faisalabad,31.4504,73.135,9,15,3,Thursday,1,0
697383690432e13762fcf89b,2026-01-15 10:00:00,5,232.75,395.63,4.72,142.54,896.44,5.66,8.99,250,Faisalabad,31.4504,73.135,10,15,3,Thursday,1,0
697383690432e13762fcf89c,2026-01-15 11:00:00,5,248.99,408.82,8.86,128.24,1030.49,5.77,16.15,250,Faisalabad,31.4504,73.135,11,15,3,Thursday,1,0
697383690432e13762fcf89d,2026-01-15 12:00:00,5,261.38,418.43,15.14,121.96,1173.27,6.97,25.07,250,Faisalabad,31.4504,73.135,12,15,3,Thursday,1,0
6973836a0432e13762fcf89e,2026-01-15 13:00:00,5,275.27,429.17,21.3,117.71,1332.95,8.8,34.92,250,Faisalabad,31.4504,73.135,13,15,3,Thursday,1,0
6973836a0432e13762fcf89f,2026-01-15 14:00:00,5,293.86,447.48,24.21,109.15,1499.97,10.33,41.77,250,Faisalabad,31.4504,73.135,14,15,3,Thursday,1,0
6973836a0432e13762fcf8a0,2026-01-15 15:00:00,5,314.04,469.21,25.54,97.46,1659.99,10.61,42.27,250,Faisalabad,31.4504,73.135,15,15,3,Thursday,1,0
6973836a0432e13762fcf8a1,2026-01-15 16:00:00,5,325.92,478.38,25.46,84.62,1752.6,9.09,33.23,250,Faisalabad,31.4504,73.135,16,15,3,Thursday,1,0
6973836b0432e13762fcf8a2,2026-01-15 17:00:00,5,340.05,492.29,25.71,74.32,1852.54,8.03,28.29,250,Faisalabad,31.4504,73.135,17,15,3,Thursday,1,0
6973836b0432e13762fcf8a3,2026-01-15 18:00:00,5,351.6,503.12,25.71,64.81,1916.45,6.77,24.26,250,Faisalabad,31.4504,73.135,18,15,3,Thursday,1,0
6973836b0432e13762fcf8a4,2026-01-15 19:00:00,5,353.36,501.84,24.26,56.71,1891.38,5.25,20.62,250,Faisalabad,31.4504,73.135,19,15,3,Thursday,1,0
6973836b0432e13762fcf8a5,2026-01-15 20:00:00,5,355.82,502.78,22.69,51.53,1854.61,4.46,20.17,250,Faisalabad,31.4504,73.135,20,15,3,Thursday,1,0
6973836c0432e13762fcf8a6,2026-01-15 21:00:00,5,358.83,504.48,21.48,47.63,1826.55,4.18,21.26,250,Faisalabad,31.4504,73.135,21,15,3,Thursday,1,0
6973836c0432e13762fcf8a7,2026-01-15 22:00:00,5,360.85,505.37,20.53,43.83,1804.17,4.0,22.64,250,Faisalabad,31.4504,73.135,22,15,3,Thursday,1,0
6973836c0432e13762fcf8a8,2026-01-15 23:00:00,5,364.4,508.25,19.78,39.9,1793.39,3.59,22.16,250,Faisalabad,31.4504,73.135,23,15,3,Thursday,1,0
6973836c0432e13762fcf8a9,2026-01-16 00:00:00,5,367.58,509.2,19.41,36.28,1779.63,3.14,20.99,250,Faisalabad,31.4504,73.135,0,16,4,Friday,1,0
6973836d0432e13762fcf8aa,2026-01-16 01:00:00,5,370.71,507.44,19.44,31.85,1776.28,2.68,18.0,250,Faisalabad,31.4504,73.135,1,16,4,Friday,1,0
6973836d0432e13762fcf8ab,2026-01-16 02:00:00,5,378.59,512.13,21.18,25.95,1845.6,2.46,11.95,250,Faisalabad,31.4504,73.135,2,16,4,Friday,1,0
6973836d0432e13762fcf8ac,2026-01-16 03:00:00,5,385.93,517.08,23.89,22.51,1931.44,2.52,7.54,250,Faisalabad,31.4504,73.135,3,16,4,Friday,1,0
6973836d0432e13762fcf8ad,2026-01-16 04:00:00,5,370.69,499.11,20.87,31.17,1827.42,3.11,4.86,250,Faisalabad,31.4504,73.135,4,16,4,Friday,1,0
6973836e0432e13762fcf8ae,2026-01-16 05:00:00,5,360.76,483.55,17.37,43.6,1766.98,3.7,5.75,250,Faisalabad,31.4504,73.135,5,16,4,Friday,1,0
6973836e0432e13762fcf8af,2026-01-16 06:00:00,5,359.63,481.58,15.32,64.35,1727.66,4.26,7.46,250,Faisalabad,31.4504,73.135,6,16,4,Friday,1,0
6973836f0432e13762fcf8b0,2026-01-16 07:00:00,5,327.39,471.45,9.6,114.18,1319.87,8.76,2.91,250,Faisalabad,31.4504,73.135,7,16,4,Friday,1,0
6973836f0432e13762fcf8b1,2026-01-16 08:00:00,5,314.04,463.28,6.99,134.91,1184.52,8.69,3.36,250,Faisalabad,31.4504,73.135,8,16,4,Friday,1,0
6973836f0432e13762fcf8b2,2026-01-16 09:00:00,5,303.71,455.5,5.89,146.22,1089.19,8.27,4.02,250,Faisalabad,31.4504,73.135,9,16,4,Friday,1,0
6973836f0432e13762fcf8b3,2026-01-16 10:00:00,5,309.89,464.35,7.19,141.46,1106.7,7.54,7.34,250,Faisalabad,31.4504,73.135,10,16,4,Friday,1,0
697383700432e13762fcf8b4,2026-01-16 11:00:00,5,329.61,477.1,10.96,120.11,1253.63,6.18,12.58,250,Faisalabad,31.4504,73.135,11,16,4,Friday,1,0
697383700432e13762fcf8b5,2026-01-16 12:00:00,5,349.02,487.2,16.35,98.69,1423.8,5.13,15.96,250,Faisalabad,31.4504,73.135,12,16,4,Friday,1,0
697383700432e13762fcf8b6,2026-01-16 13:00:00,5,372.18,498.98,21.28,80.76,1620.66,4.48,16.18,250,Faisalabad,31.4504,73.135,13,16,4,Friday,1,0
697383700432e13762fcf8b7,2026-01-16 14:00:00,5,399.02,517.07,23.89,68.31,1809.62,4.04,12.86,250,Faisalabad,31.4504,73.135,14,16,4,Friday,1,0
697383710432e13762fcf8b8,2026-01-16 15:00:00,5,419.05,529.91,24.88,58.36,1955.63,3.6,8.95,250,Faisalabad,31.4504,73.135,15,16,4,Friday,1,0
697383710432e13762fcf8b9,2026-01-16 16:00:00,5,417.88,519.23,24.27,49.86,1995.31,3.06,6.23,250,Faisalabad,31.4504,73.135,16,16,4,Friday,1,0
697383710432e13762fcf8ba,2026-01-16 17:00:00,5,414.84,507.8,24.16,41.31,2048.29,2.65,5.37,250,Faisalabad,31.4504,73.135,17,16,4,Friday,1,0
697383720432e13762fcf8bb,2026-01-16 18:00:00,5,408.5,492.75,23.95,33.51,2083.96,2.18,4.8,250,Faisalabad,31.4504,73.135,18,16,4,Friday,1,0
697383720432e13762fcf8bc,2026-01-16 19:00:00,5,396.41,471.15,22.78,26.87,2064.86,1.52,4.23,250,Faisalabad,31.4504,73.135,19,16,4,Friday,1,0
697383720432e13762fcf8bd,2026-01-16 20:00:00,5,387.37,454.38,21.18,21.67,2042.02,1.04,4.04,250,Faisalabad,31.4504,73.135,20,16,4,Friday,1,0
697383720432e13762fcf8be,2026-01-16 21:00:00,5,379.81,440.79,19.73,17.71,2027.91,0.81,4.12,250,Faisalabad,31.4504,73.135,21,16,4,Friday,1,0
697383730432e13762fcf8bf,2026-01-16 22:00:00,5,373.63,429.6,18.4,14.17,2015.98,0.68,4.37,250,Faisalabad,31.4504,73.135,22,16,4,Friday,1,0
697383730432e13762fcf8c0,2026-01-16 23:00:00,5,372.3,424.43,17.54,10.96,2032.77,0.6,4.63,250,Faisalabad,31.4504,73.135,23,16,4,Friday,1,0
697383730432e13762fcf8c1,2026-01-17 00:00:00,5,373.01,421.36,17.11,8.35,2058.44,0.58,4.92,250,Faisalabad,31.4504,73.135,0,17,5,Saturday,1,1
697383730432e13762fcf8c2,2026-01-17 01:00:00,5,375.79,420.11,16.96,6.2,2110.98,0.63,5.01,250,Faisalabad,31.4504,73.135,1,17,5,Saturday,1,1
697383740432e13762fcf8c3,2026-01-17 02:00:00,5,384.86,429.54,17.62,4.36,2220.08,0.95,5.02,250,Faisalabad,31.4504,73.135,2,17,5,Saturday,1,1
697383740432e13762fcf8c4,2026-01-17 03:00:00,5,396.46,442.6,18.54,3.76,2350.16,1.24,4.67,250,Faisalabad,31.4504,73.135,3,17,5,Saturday,1,1
697383740432e13762fcf8c5,2026-01-17 04:00:00,5,393.22,443.21,15.3,13.69,2343.3,1.61,3.56,250,Faisalabad,31.4504,73.135,4,17,5,Saturday,1,1
697383740432e13762fcf8c6,2026-01-17 05:00:00,5,391.16,440.84,13.29,28.96,2350.05,1.78,4.19,250,Faisalabad,31.4504,73.135,5,17,5,Saturday,1,1
697383750432e13762fcf8c7,2026-01-17 06:00:00,5,393.31,443.26,12.25,55.4,2321.56,1.97,5.03,250,Faisalabad,31.4504,73.135,6,17,5,Saturday,1,1
697383750432e13762fcf8c8,2026-01-17 07:00:00,5,317.51,383.27,6.82,114.11,1615.62,5.09,0.68,250,Faisalabad,31.4504,73.135,7,17,5,Saturday,1,1
697383750432e13762fcf8c9,2026-01-17 08:00:00,5,293.86,364.0,4.37,137.91,1374.8,5.84,0.67,250,Faisalabad,31.4504,73.135,8,17,5,Saturday,1,1
697383750432e13762fcf8ca,2026-01-17 09:00:00,5,299.3,366.35,3.59,148.11,1373.78,5.74,1.34,250,Faisalabad,31.4504,73.135,9,17,5,Saturday,1,1
697383760432e13762fcf8cb,2026-01-17 10:00:00,5,311.31,375.86,4.05,144.09,1431.71,5.33,3.2,250,Faisalabad,31.4504,73.135,10,17,5,Saturday,1,1
697383760432e13762fcf8cc,2026-01-17 11:00:00,5,324.08,384.95,5.6,126.98,1507.5,4.5,6.22,250,Faisalabad,31.4504,73.135,11,17,5,Saturday,1,1
697383770432e13762fcf8cd,2026-01-17 12:00:00,5,334.61,391.57,7.9,110.61,1600.6,3.88,8.64,250,Faisalabad,31.4504,73.135,12,17,5,Saturday,1,1
697383770432e13762fcf8ce,2026-01-17 13:00:00,5,347.58,400.46,10.09,96.91,1715.92,3.47,9.23,250,Faisalabad,31.4504,73.135,13,17,5,Saturday,1,1
697383770432e13762fcf8cf,2026-01-17 14:00:00,5,368.1,417.69,11.86,85.92,1865.83,3.14,7.89,250,Faisalabad,31.4504,73.135,14,17,5,Saturday,1,1
697383780432e13762fcf8d0,2026-01-17 15:00:00,5,391.27,438.33,13.2,76.82,2022.96,2.81,5.86,250,Faisalabad,31.4504,73.135,15,17,5,Saturday,1,1
697383780432e13762fcf8d1,2026-01-17 16:00:00,5,405.87,449.75,13.78,68.7,2135.02,2.43,4.59,250,Faisalabad,31.4504,73.135,16,17,5,Saturday,1,1
697383780432e13762fcf8d2,2026-01-17 17:00:00,5,423.44,465.51,14.09,62.74,2256.43,2.25,4.36,250,Faisalabad,31.4504,73.135,17,17,5,Saturday,1,1
697383780432e13762fcf8d3,2026-01-17 18:00:00,5,439.63,479.9,13.93,57.37,2357.94,2.01,4.17,250,Faisalabad,31.4504,73.135,18,17,5,Saturday,1,1
697383790432e13762fcf8d4,2026-01-17 19:00:00,5,448.88,486.12,13.29,49.94,2398.18,1.5,3.97,250,Faisalabad,31.4504,73.135,19,17,5,Saturday,1,1
697383790432e13762fcf8d5,2026-01-17 20:00:00,5,461.51,496.47,13.09,40.35,2461.72,1.08,4.22,250,Faisalabad,31.4504,73.135,20,17,5,Saturday,1,1
697383790432e13762fcf8d6,2026-01-17 21:00:00,5,476.11,506.21,13.23,32.09,2546.05,0.86,4.65,250,Faisalabad,31.4504,73.135,21,17,5,Saturday,1,1
697383790432e13762fcf8d7,2026-01-17 22:00:00,5,487.81,510.45,13.55,25.05,2629.46,0.73,4.86,250,Faisalabad,31.4504,73.135,22,17,5,Saturday,1,1
6973837a0432e13762fcf8d8,2026-01-17 23:00:00,5,501.06,519.43,13.79,20.25,2723.62,0.65,4.48,250,Faisalabad,31.4504,73.135,23,17,5,Saturday,1,1
6973837a0432e13762fcf8d9,2026-01-18 00:00:00,5,513.87,529.76,13.94,18.36,2817.97,0.69,4.1,250,Faisalabad,31.4504,73.135,0,18,6,Sunday,1,1
6973837a0432e13762fcf8da,2026-01-18 01:00:00,5,528.68,545.04,13.39,25.14,2910.53,1.27,3.61,250,Faisalabad,31.4504,73.135,1,18,6,Sunday,1,1
6973837a0432e13762fcf8db,2026-01-18 02:00:00,5,544.14,560.61,13.83,28.06,3025.03,1.79,4.09,250,Faisalabad,31.4504,73.135,2,18,6,Sunday,1,1
6973837b0432e13762fcf8dc,2026-01-18 03:00:00,5,556.05,573.5,15.06,28.44,3122.15,2.26,4.79,250,Faisalabad,31.4504,73.135,3,18,6,Sunday,1,1
6973837b0432e13762fcf8dd,2026-01-18 04:00:00,5,543.98,562.42,14.37,32.74,3087.0,2.67,4.62,250,Faisalabad,31.4504,73.135,4,18,6,Sunday,1,1
6973837c0432e13762fcf8de,2026-01-18 05:00:00,5,524.27,544.39,12.08,46.97,3008.9,3.06,4.22,250,Faisalabad,31.4504,73.135,5,18,6,Sunday,1,1
6973837c0432e13762fcf8df,2026-01-18 06:00:00,5,502.02,523.64,9.76,72.64,2899.59,3.6,4.19,250,Faisalabad,31.4504,73.135,6,18,6,Sunday,1,1
6973837c0432e13762fcf8e0,2026-01-18 07:00:00,5,428.74,453.26,6.24,113.79,2387.1,6.5,1.94,250,Faisalabad,31.4504,73.135,7,18,6,Sunday,1,1
6973837d0432e13762fcf8e1,2026-01-18 08:00:00,5,381.77,408.2,4.45,129.1,2071.29,6.74,2.64,250,Faisalabad,31.4504,73.135,8,18,6,Sunday,1,1
6973837d0432e13762fcf8e2,2026-01-18 09:00:00,5,339.54,367.38,3.63,138.52,1815.4,7.04,3.2,250,Faisalabad,31.4504,73.135,9,18,6,Sunday,1,1
6973837d0432e13762fcf8e3,2026-01-18 10:00:00,5,323.01,354.25,4.44,130.77,1710.16,6.61,5.76,250,Faisalabad,31.4504,73.135,10,18,6,Sunday,1,1
6973837d0432e13762fcf8e4,2026-01-18 11:00:00,5,334.51,368.89,6.98,110.42,1782.76,5.35,10.83,250,Faisalabad,31.4504,73.135,11,18,6,Sunday,1,1
6973837e0432e13762fcf8e5,2026-01-18 12:00:00,5,345.71,382.7,10.91,95.82,1876.82,5.08,16.46,250,Faisalabad,31.4504,73.135,12,18,6,Sunday,1,1
6973837e0432e13762fcf8e6,2026-01-18 13:00:00,5,360.7,400.59,15.03,84.76,2005.8,5.45,22.93,250,Faisalabad,31.4504,73.135,13,18,6,Sunday,1,1
6973837e0432e13762fcf8e7,2026-01-18 14:00:00,5,384.61,428.28,17.96,73.64,2163.72,5.63,27.14,250,Faisalabad,31.4504,73.135,14,18,6,Sunday,1,1
6973837e0432e13762fcf8e8,2026-01-18 15:00:00,5,409.69,457.13,19.76,62.77,2320.44,5.5,27.13,250,Faisalabad,31.4504,73.135,15,18,6,Sunday,1,1
6973837f0432e13762fcf8e9,2026-01-18 16:00:00,5,423.0,472.02,20.11,52.19,2397.76,4.78,22.66,250,Faisalabad,31.4504,73.135,16,18,6,Sunday,1,1
6973837f0432e13762fcf8ea,2026-01-18 17:00:00,5,438.31,488.83,20.09,44.38,2481.69,4.07,17.94,250,Faisalabad,31.4504,73.135,17,18,6,Sunday,1,1
6973837f0432e13762fcf8eb,2026-01-18 18:00:00,5,450.06,500.73,19.62,38.28,2536.94,3.22,13.61,250,Faisalabad,31.4504,73.135,18,18,6,Sunday,1,1
6973837f0432e13762fcf8ec,2026-01-18 19:00:00,5,449.36,497.31,18.05,33.64,2493.88,2.28,10.57,250,Faisalabad,31.4504,73.135,19,18,6,Sunday,1,1
697383800432e13762fcf8ed,2026-01-18 20:00:00,5,451.61,497.81,16.82,30.67,2469.17,1.94,10.53,250,Faisalabad,31.4504,73.135,20,18,6,Sunday,1,1
697383800432e13762fcf8ee,2026-01-18 21:00:00,5,454.39,499.37,15.88,28.49,2456.1,1.88,11.75,250,Faisalabad,31.4504,73.135,21,18,6,Sunday,1,1
697383800432e13762fcf8ef,2026-01-18 22:00:00,5,454.24,497.52,15.1,26.14,2437.74,1.72,11.8,250,Faisalabad,31.4504,73.135,22,18,6,Sunday,1,1
697383810432e13762fcf8f0,2026-01-18 23:00:00,5,450.48,486.62,14.4,23.28,2440.58,1.24,8.44,250,Faisalabad,31.4504,73.135,23,18,6,Sunday,1,1
697383810432e13762fcf8f1,2026-01-19 00:00:00,5,441.11,467.41,13.89,20.64,2440.46,0.9,5.84,250,Faisalabad,31.4504,73.135,0,19,0,Monday,1,0
697383820432e13762fcf8f2,2026-01-19 01:00:00,5,432.76,450.74,13.42,18.61,2435.24,0.85,4.7,250,Faisalabad,31.4504,73.135,1,19,0,Monday,1,0
697383820432e13762fcf8f3,2026-01-19 02:00:00,5,437.86,454.53,14.24,17.31,2502.01,1.33,4.94,250,Faisalabad,31.4504,73.135,2,19,0,Monday,1,0
697383820432e13762fcf8f4,2026-01-19 03:00:00,5,446.3,464.44,15.95,19.25,2598.53,1.8,5.03,250,Faisalabad,31.4504,73.135,3,19,0,Monday,1,0
697383820432e13762fcf8f5,2026-01-19 04:00:00,5,439.24,460.92,14.79,31.24,2576.63,2.16,4.53,250,Faisalabad,31.4504,73.135,4,19,0,Monday,1,0
697383830432e13762fcf8f6,2026-01-19 05:00:00,5,430.13,457.11,12.4,45.44,2528.56,2.33,4.75,250,Faisalabad,31.4504,73.135,5,19,0,Monday,1,0
697383830432e13762fcf8f7,2026-01-19 06:00:00,5,426.0,456.19,10.46,71.74,2463.5,2.5,5.53,250,Faisalabad,31.4504,73.135,6,19,0,Monday,1,0
697383830432e13762fcf8f8,2026-01-19 07:00:00,5,321.83,350.58,5.68,124.52,1711.58,5.88,2.6,250,Faisalabad,31.4504,73.135,7,19,0,Monday,1,0
697383840432e13762fcf8f9,2026-01-19 08:00:00,5,284.99,312.93,4.09,138.2,1448.96,7.31,3.08,250,Faisalabad,31.4504,73.135,8,19,0,Monday,1,0
697383840432e13762fcf8fa,2026-01-19 09:00:00,5,284.21,312.29,3.76,145.6,1435.86,7.36,4.39,250,Faisalabad,31.4504,73.135,9,19,0,Monday,1,0
697383840432e13762fcf8fb,2026-01-19 10:00:00,5,295.55,325.82,5.07,137.61,1508.78,6.73,7.51,250,Faisalabad,31.4504,73.135,10,19,0,Monday,1,0
697383840432e13762fcf8fc,2026-01-19 11:00:00,5,312.33,346.01,8.16,115.94,1633.78,5.7,11.67,250,Faisalabad,31.4504,73.135,11,19,0,Monday,1,0
697383850432e13762fcf8fd,2026-01-19 12:00:00,5,327.03,364.07,12.55,94.99,1784.61,5.02,15.15,250,Faisalabad,31.4504,73.135,12,19,0,Monday,1,0
697383850432e13762fcf8fe,2026-01-19 13:00:00,5,347.01,387.72,16.7,78.04,1973.75,4.61,17.83,250,Faisalabad,31.4504,73.135,13,19,0,Monday,1,0
697383850432e13762fcf8ff,2026-01-19 14:00:00,5,377.21,421.65,18.87,68.6,2190.11,4.14,17.23,250,Faisalabad,31.4504,73.135,14,19,0,Monday,1,0
697383860432e13762fcf900,2026-01-19 15:00:00,5,409.49,456.54,19.73,63.17,2394.54,3.67,12.26,250,Faisalabad,31.4504,73.135,15,19,0,Monday,1,0
697383860432e13762fcf901,2026-01-19 16:00:00,5,429.9,477.73,20.15,55.01,2529.89,3.01,7.95,250,Faisalabad,31.4504,73.135,16,19,0,Monday,1,0
697383860432e13762fcf902,2026-01-19 17:00:00,5,454.62,505.17,21.3,44.77,2711.11,2.63,7.09,250,Faisalabad,31.4504,73.135,17,19,0,Monday,1,0
697383860432e13762fcf903,2026-01-19 18:00:00,5,474.62,526.91,21.47,36.56,2831.91,2.27,6.91,250,Faisalabad,31.4504,73.135,18,19,0,Monday,1,0
697383870432e13762fcf904,2026-01-19 19:00:00,5,481.05,531.58,20.04,30.57,2841.25,1.7,6.47,250,Faisalabad,31.4504,73.135,19,19,0,Monday,1,0
697383870432e13762fcf905,2026-01-19 20:00:00,5,487.64,535.98,18.19,26.05,2832.19,1.34,6.34,250,Faisalabad,31.4504,73.135,20,19,0,Monday,1,0
697383880432e13762fcf906,2026-01-19 21:00:00,5,495.07,541.69,16.53,22.27,2840.69,1.19,6.49,250,Faisalabad,31.4504,73.135,21,19,0,Monday,1,0
697383880432e13762fcf907,2026-01-19 22:00:00,5,502.78,546.49,15.2,19.59,2845.64,1.14,6.69,250,Faisalabad,31.4504,73.135,22,19,0,Monday,1,0
697383880432e13762fcf908,2026-01-19 23:00:00,5,513.83,550.05,14.39,18.16,2882.41,1.12,6.82,250,Faisalabad,31.4504,73.135,23,19,0,Monday,1,0
697383890432e13762fcf909,2026-01-20 00:00:00,5,525.86,556.0,14.13,16.98,2934.04,1.12,6.92,250,Faisalabad,31.4504,73.135,0,20,1,Tuesday,1,0
6973838a0432e13762fcf90a,2026-01-20 01:00:00,5,606.07,639.67,15.44,17.31,3347.67,1.38,7.94,250,Faisalabad,31.4504,73.135,1,20,1,Tuesday,1,0
6973838a0432e13762fcf90b,2026-01-20 02:00:00,5,625.93,658.71,16.26,13.75,3490.32,1.72,7.25,250,Faisalabad,31.4504,73.135,2,20,1,Tuesday,1,0
6973838a0432e13762fcf90c,2026-01-20 03:00:00,5,644.94,680.03,17.33,10.55,3658.94,2.0,6.43,250,Faisalabad,31.4504,73.135,3,20,1,Tuesday,1,0
6973838b0432e13762fcf90d,2026-01-20 04:00:00,5,644.19,682.39,15.61,15.43,3723.32,2.13,5.51,250,Faisalabad,31.4504,73.135,4,20,1,Tuesday,1,0
6973838b0432e13762fcf90e,2026-01-20 05:00:00,5,635.04,677.45,13.56,33.93,3717.42,2.49,5.81,250,Faisalabad,31.4504,73.135,5,20,1,Tuesday,1,0
6973838b0432e13762fcf90f,2026-01-20 06:00:00,5,628.22,673.67,11.71,72.71,3643.4,3.22,7.45,250,Faisalabad,31.4504,73.135,6,20,1,Tuesday,1,0
6973838b0432e13762fcf910,2026-01-20 07:00:00,5,358.34,394.91,4.5,159.6,1893.08,12.63,1.05,250,Faisalabad,31.4504,73.135,7,20,1,Tuesday,1,0
6973838c0432e13762fcf911,2026-01-20 08:00:00,5,289.21,324.49,3.11,167.89,1455.76,11.89,1.26,250,Faisalabad,31.4504,73.135,8,20,1,Tuesday,1,0
6973838c0432e13762fcf912,2026-01-20 09:00:00,5,276.4,311.65,2.81,172.43,1356.59,11.27,1.9,250,Faisalabad,31.4504,73.135,9,20,1,Tuesday,1,0
6973838d0432e13762fcf913,2026-01-20 10:00:00,5,286.57,323.88,4.58,157.03,1408.69,9.92,5.82,250,Faisalabad,31.4504,73.135,10,20,1,Tuesday,1,0
6973838d0432e13762fcf914,2026-01-20 11:00:00,5,304.65,345.66,8.3,144.51,1524.76,9.98,14.07,250,Faisalabad,31.4504,73.135,11,20,1,Tuesday,1,0
6973838d0432e13762fcf915,2026-01-20 12:00:00,5,319.56,364.44,13.16,141.74,1660.42,11.41,23.84,250,Faisalabad,31.4504,73.135,12,20,1,Tuesday,1,0
6973838e0432e13762fcf916,2026-01-20 13:00:00,5,339.55,388.85,17.72,139.77,1841.25,13.57,34.34,250,Faisalabad,31.4504,73.135,13,20,1,Tuesday,1,0
6973838e0432e13762fcf917,2026-01-20 14:00:00,5,369.74,425.11,21.12,134.59,2068.32,15.87,43.9,250,Faisalabad,31.4504,73.135,14,20,1,Tuesday,1,0
6973838f0432e13762fcf918,2026-01-20 15:00:00,5,403.86,465.49,23.58,127.49,2311.06,17.71,50.72,250,Faisalabad,31.4504,73.135,15,20,1,Tuesday,1,0
6973838f0432e13762fcf919,2026-01-20 16:00:00,5,432.45,497.93,24.91,117.88,2507.03,18.59,52.33,250,Faisalabad,31.4504,73.135,16,20,1,Tuesday,1,0
6973838f0432e13762fcf91a,2026-01-20 17:00:00,5,467.03,536.62,26.19,109.07,2724.08,19.6,55.32,250,Faisalabad,31.4504,73.135,17,20,1,Tuesday,1,0
697383900432e13762fcf91b,2026-01-20 18:00:00,5,500.14,571.86,26.67,97.45,2900.31,19.34,55.8,250,Faisalabad,31.4504,73.135,18,20,1,Tuesday,1,0
697383900432e13762fcf91c,2026-01-20 19:00:00,5,520.33,589.12,24.9,78.25,2955.34,13.38,36.52,250,Faisalabad,31.4504,73.135,19,20,1,Tuesday,1,0
697383910432e13762fcf91d,2026-01-20 20:00:00,5,543.25,608.64,23.26,61.83,3017.14,7.95,19.94,250,Faisalabad,31.4504,73.135,20,20,1,Tuesday,1,0
697383910432e13762fcf91e,2026-01-20 21:00:00,5,566.27,628.09,22.0,49.24,3085.11,4.78,11.63,250,Faisalabad,31.4504,73.135,21,20,1,Tuesday,1,0
697383910432e13762fcf91f,2026-01-20 22:00:00,5,581.37,639.29,20.82,39.48,3111.26,3.06,8.83,250,Faisalabad,31.4504,73.135,22,20,1,Tuesday,1,0
697383910432e13762fcf920,2026-01-20 23:00:00,5,718.09,772.17,16.63,56.3,3635.61,8.56,46.49,250,Faisalabad,31.4504,73.135,23,20,1,Tuesday,1,0
697383920432e13762fcf921,2026-01-21 00:00:00,5,722.8,771.27,16.51,55.37,3633.75,8.71,49.99,250,Faisalabad,31.4504,73.135,0,21,2,Wednesday,1,0
697383920432e13762fcf922,2026-01-21 01:00:00,5,723.06,768.6,16.63,52.61,3624.39,8.58,51.0,250,Faisalabad,31.4504,73.135,1,21,2,Wednesday,1,0
697383920432e13762fcf923,2026-01-21 02:00:00,5,733.59,780.77,18.04,45.44,3692.83,7.91,45.24,250,Faisalabad,31.4504,73.135,2,21,2,Wednesday,1,0
697383930432e13762fcf924,2026-01-21 03:00:00,5,669.41,730.05,21.83,15.14,3483.97,3.31,11.56,250,Faisalabad,31.4504,73.135,3,21,2,Wednesday,1,0
697383930432e13762fcf925,2026-01-21 04:00:00,5,677.41,739.82,20.18,16.57,3595.32,3.06,9.28,250,Faisalabad,31.4504,73.135,4,21,2,Wednesday,1,0
697383930432e13762fcf926,2026-01-21 05:00:00,5,674.93,737.99,17.58,31.99,3633.91,3.19,9.94,250,Faisalabad,31.4504,73.135,5,21,2,Wednesday,1,0
697383930432e13762fcf927,2026-01-21 06:00:00,5,673.28,735.48,15.31,69.16,3589.1,3.82,11.87,250,Faisalabad,31.4504,73.135,6,21,2,Wednesday,1,0
697383940432e13762fcf928,2026-01-21 07:00:00,5,345.38,384.2,4.11,158.71,1638.48,12.23,2.32,250,Faisalabad,31.4504,73.135,7,21,2,Wednesday,1,0
697383940432e13762fcf929,2026-01-21 08:00:00,5,271.58,307.6,2.5,161.81,1252.1,10.63,2.34,250,Faisalabad,31.4504,73.135,8,21,2,Wednesday,1,0
697383940432e13762fcf92a,2026-01-21 09:00:00,5,255.44,290.33,2.22,162.74,1178.28,9.88,2.98,250,Faisalabad,31.4504,73.135,9,21,2,Wednesday,1,0
697383950432e13762fcf92b,2026-01-21 10:00:00,5,261.56,298.01,3.95,141.21,1241.13,8.38,7.04,250,Faisalabad,31.4504,73.135,10,21,2,Wednesday,1,0
697383950432e13762fcf92c,2026-01-21 11:00:00,5,280.93,320.92,7.23,113.34,1381.57,6.97,12.84,250,Faisalabad,31.4504,73.135,11,21,2,Wednesday,1,0
697383950432e13762fcf92d,2026-01-21 12:00:00,5,298.15,342.09,11.66,98.39,1524.6,7.18,19.57,250,Faisalabad,31.4504,73.135,12,21,2,Wednesday,1,0
697383950432e13762fcf92e,2026-01-21 13:00:00,5,316.62,365.0,16.16,89.33,1679.41,8.35,27.18,250,Faisalabad,31.4504,73.135,13,21,2,Wednesday,1,0
697383960432e13762fcf92f,2026-01-21 14:00:00,5,337.57,390.7,18.8,77.54,1837.91,8.41,30.17,250,Faisalabad,31.4504,73.135,14,21,2,Wednesday,1,0
697383960432e13762fcf930,2026-01-21 15:00:00,5,357.96,414.98,20.4,67.2,1983.93,7.64,29.78,250,Faisalabad,31.4504,73.135,15,21,2,Wednesday,1,0
697383960432e13762fcf931,2026-01-21 16:00:00,5,368.45,425.57,20.66,59.13,2055.77,6.19,25.79,250,Faisalabad,31.4504,73.135,16,21,2,Wednesday,1,0
697383970432e13762fcf932,2026-01-21 17:00:00,5,380.13,434.7,20.24,56.08,2115.32,5.15,21.48,250,Faisalabad,31.4504,73.135,17,21,2,Wednesday,1,0
697383970432e13762fcf933,2026-01-21 18:00:00,5,386.47,435.28,18.53,62.01,2105.76,4.78,16.18,250,Faisalabad,31.4504,73.135,18,21,2,Wednesday,1,0
697383970432e13762fcf934,2026-01-21 19:00:00,5,363.74,401.95,13.11,88.3,1840.98,5.79,9.8,250,Faisalabad,31.4504,73.135,19,21,2,Wednesday,1,0
697383970432e13762fcf935,2026-01-21 20:00:00,5,346.5,378.3,10.61,93.42,1686.88,5.01,7.66,250,Faisalabad,31.4504,73.135,20,21,2,Wednesday,1,0
697383980432e13762fcf936,2026-01-21 21:00:00,5,330.01,357.61,9.2,93.35,1572.4,4.24,6.75,250,Faisalabad,31.4504,73.135,21,21,2,Wednesday,1,0
697383980432e13762fcf937,2026-01-21 22:00:00,5,311.06,335.56,8.11,92.46,1458.72,3.66,6.15,250,Faisalabad,31.4504,73.135,22,21,2,Wednesday,1,0
697383980432e13762fcf938,2026-01-21 23:00:00,5,293.22,315.52,7.28,92.21,1356.73,3.37,5.55,250,Faisalabad,31.4504,73.135,23,21,2,Wednesday,1,0
697383990432e13762fcf939,2026-01-22 00:00:00,5,277.54,298.45,6.54,93.79,1261.75,3.63,4.82,250,Faisalabad,31.4504,73.135,0,22,3,Thursday,1,0
6973839a0432e13762fcf93a,2026-01-22 01:00:00,5,263.14,283.49,5.89,97.26,1165.22,5.08,3.95,250,Faisalabad,31.4504,73.135,1,22,3,Thursday,1,0
6973839a0432e13762fcf93b,2026-01-22 02:00:00,5,258.69,280.2,6.35,95.19,1140.96,6.95,4.11,250,Faisalabad,31.4504,73.135,2,22,3,Thursday,1,0
6973839b0432e13762fcf93c,2026-01-22 03:00:00,5,254.38,278.35,7.51,91.44,1135.27,9.4,4.27,250,Faisalabad,31.4504,73.135,3,22,3,Thursday,1,0
6973839c0432e13762fcf93d,2026-01-22 04:00:00,5,239.89,267.2,8.78,88.68,1089.07,12.18,4.19,250,Faisalabad,31.4504,73.135,4,22,3,Thursday,1,0
6973839c0432e13762fcf93e,2026-01-22 05:00:00,5,221.94,252.94,8.92,88.23,1034.37,13.45,4.83,250,Faisalabad,31.4504,73.135,5,22,3,Thursday,1,0
6973839c0432e13762fcf93f,2026-01-22 06:00:00,5,202.82,237.58,8.05,94.96,950.12,13.86,5.01,250,Faisalabad,31.4504,73.135,6,22,3,Thursday,1,0
6973839c0432e13762fcf940,2026-01-22 07:00:00,5,171.41,216.91,6.63,113.61,773.01,13.2,3.94,250,Faisalabad,31.4504,73.135,7,22,3,Thursday,1,0
6973839d0432e13762fcf941,2026-01-22 08:00:00,5,155.4,208.54,5.58,119.9,685.29,10.83,4.12,250,Faisalabad,31.4504,73.135,8,22,3,Thursday,1,0
6973839d0432e13762fcf942,2026-01-22 09:00:00,5,146.11,203.81,4.91,120.64,645.18,9.17,4.64,250,Faisalabad,31.4504,73.135,9,22,3,Thursday,1,0
6973839d0432e13762fcf943,2026-01-22 10:00:00,5,141.69,203.17,5.14,115.77,640.17,8.01,5.85,250,Faisalabad,31.4504,73.135,10,22,3,Thursday,1,0
6973839e0432e13762fcf944,2026-01-22 11:00:00,5,140.16,202.64,6.19,104.69,663.39,7.04,7.68,250,Faisalabad,31.4504,73.135,11,22,3,Thursday,1,0
6973839e0432e13762fcf945,2026-01-22 12:00:00,5,140.12,202.47,7.71,96.47,694.87,6.57,9.14,250,Faisalabad,31.4504,73.135,12,22,3,Thursday,1,0
6973839e0432e13762fcf946,2026-01-22 13:00:00,5,140.44,195.23,9.19,91.33,737.44,7.54,9.64,250,Faisalabad,31.4504,73.135,13,22,3,Thursday,1,0
6973839f0432e13762fcf947,2026-01-22 14:00:00,5,141.49,185.95,9.73,89.35,781.37,7.91,8.95,250,Faisalabad,31.4504,73.135,14,22,3,Thursday,1,0
6973839f0432e13762fcf948,2026-01-22 15:00:00,5,138.39,169.49,8.65,94.82,777.48,7.25,6.03,250,Faisalabad,31.4504,73.135,15,22,3,Thursday,1,0
6973839f0432e13762fcf949,2026-01-22 16:00:00,5,116.72,131.59,5.86,105.97,660.43,5.91,2.92,250,Faisalabad,31.4504,73.135,16,22,3,Thursday,1,0
697383a00432e13762fcf94a,2026-01-22 17:00:00,5,99.05,107.28,4.86,106.81,600.34,4.23,2.3,250,Faisalabad,31.4504,73.135,17,22,3,Thursday,1,0
697383a00432e13762fcf94b,2026-01-22 18:00:00,5,89.27,94.86,4.63,102.24,580.6,3.1,2.03,250,Faisalabad,31.4504,73.135,18,22,3,Thursday,1,0
697383a00432e13762fcf94c,2026-01-22 19:00:00,5,81.96,86.22,4.37,96.34,563.32,2.42,1.7,250,Faisalabad,31.4504,73.135,19,22,3,Thursday,1,0
697383a10432e13762fcf94d,2026-01-22 20:00:00,4,74.63,79.02,4.11,91.23,541.95,2.09,1.52,175,Faisalabad,31.4504,73.135,20,22,3,Thursday,1,0
697383a10432e13762fcf94e,2026-01-22 21:00:00,4,68.94,74.94,4.06,87.27,529.66,2.12,1.58,175,Faisalabad,31.4504,73.135,21,22,3,Thursday,1,0
697383a10432e13762fcf94f,2026-01-22 22:00:00,4,64.74,74.1,4.26,84.41,521.67,2.55,2.17,175,Faisalabad,31.4504,73.135,22,22,3,Thursday,1,0
697383a20432e13762fcf950,2026-01-22 23:00:00,4,58.63,71.45,4.52,83.51,499.37,3.09,3.38,175,Faisalabad,31.4504,73.135,23,22,3,Thursday,1,0
697383a20432e13762fcf951,2026-01-23 00:00:00,3,46.11,60.69,4.5,84.52,442.12,3.36,4.71,125,Faisalabad,31.4504,73.135,0,23,4,Friday,1,0
697383a30432e13762fcf952,2026-01-23 01:00:00,3,31.62,46.57,4.24,84.84,369.46,3.21,5.64,125,Faisalabad,31.4504,73.135,1,23,4,Friday,1,0
697383a30432e13762fcf953,2026-01-23 02:00:00,2,23.22,39.17,4.46,83.76,340.57,2.82,6.19,75,Faisalabad,31.4504,73.135,2,23,4,Friday,1,0
697383a30432e13762fcf954,2026-01-23 03:00:00,2,18.82,36.72,5.18,81.41,340.45,2.51,5.98,75,Faisalabad,31.4504,73.135,3,23,4,Friday,1,0
697383a30432e13762fcf955,2026-01-23 04:00:00,2,16.46,37.46,5.27,79.71,342.56,2.33,5.83,75,Faisalabad,31.4504,73.135,4,23,4,Friday,1,0
697383a40432e13762fcf956,2026-01-23 05:00:00,2,15.5,41.04,4.62,81.21,339.86,2.4,6.97,75,Faisalabad,31.4504,73.135,5,23,4,Friday,1,0
697383a40432e13762fcf957,2026-01-23 06:00:00,2,16.05,46.42,3.92,85.8,326.8,2.59,7.16,75,Faisalabad,31.4504,73.135,6,23,4,Friday,1,0
697383a40432e13762fcf958,2026-01-23 07:00:00,3,10.07,33.47,1.91,101.62,239.74,2.17,3.76,125,Faisalabad,31.4504,73.135,7,23,4,Friday,1,0
697383a40432e13762fcf959,2026-01-23 08:00:00,3,8.1,26.74,1.26,106.96,212.65,1.94,2.72,125,Faisalabad,31.4504,73.135,8,23,4,Friday,1,0
697383a50432e13762fcf95a,2026-01-23 09:00:00,3,8.2,25.53,1.17,108.87,208.33,2.1,2.64,125,Faisalabad,31.4504,73.135,9,23,4,Friday,1,0
